"Site Time","Visitor Parking Weather Station 1 - Amb T; Mod T1; Wind: Ambient temp (TempF) Degrees Fahrenheit","West Garage Weather Station 1 - Amb T; Mod T1; Wind: Ambient temp (TempF) Degrees Fahrenheit","Lakeside Garage Weather Station 1 - Amb T; Mod T1; Wind: Ambient temp (TempF) Degrees Fahrenheit"
11-15-2024 00:00:00,42.406,44.087,42.429
11-15-2024 01:00:00,42.31,44.07,42.439
11-15-2024 02:00:00,42.247,43.973,42.411
11-15-2024 03:00:00,41.684,43.417,41.793
11-15-2024 04:00:00,41.534,43.192,41.637
11-15-2024 05:00:00,41.442,43.067,41.317
11-15-2024 06:00:00,41.695,43.285,41.589
11-15-2024 07:00:00,42.843,44.461,42.608
11-15-2024 08:00:00,44.519,46.1,44.499
11-15-2024 09:00:00,48.196,49.875,47.717
11-15-2024 10:00:00,52.049,54.254,51.781
11-15-2024 11:00:00,54.585,57.452,54.855
11-15-2024 12:00:00,57.241,59.763,57.885
11-15-2024 13:00:00,58.1,59.675,58.988
11-15-2024 14:00:00,58.507,59.775,59.553
11-15-2024 15:00:00,57.798,59.199,58.284
11-15-2024 16:00:00,56.118,57.216,55.94
11-15-2024 17:00:00,53.437,54.421,52.931
11-15-2024 18:00:00,51.419,52.039,50.739
11-15-2024 19:00:00,50.361,50.803,49.452
11-15-2024 20:00:00,49.463,50.22,48.928
11-15-2024 21:00:00,49.09,49.758,48.541
11-15-2024 22:00:00,48.341,49.265,48.064
11-15-2024 23:00:00,47.673,48.571,47.338
11-16-2024 00:00:00,46.968,47.965,46.858
11-16-2024 01:00:00,46.599,47.532,46.381
11-16-2024 02:00:00,46.293,47.149,46.036
11-16-2024 03:00:00,46.204,46.847,45.774
11-16-2024 04:00:00,46.634,47.485,46.456
11-16-2024 05:00:00,46.87,47.937,46.913
11-16-2024 06:00:00,47.279,48.394,47.277
11-16-2024 07:00:00,48.515,49.802,48.342
11-16-2024 08:00:00,52.41,54.029,51.903
11-16-2024 09:00:00,55.308,57.637,54.98
11-16-2024 10:00:00,56.65,59.806,56.978
11-16-2024 11:00:00,58.511,62.305,59.334
11-16-2024 12:00:00,60.063,63.397,61.3
11-16-2024 13:00:00,60.609,62.653,61.926
11-16-2024 14:00:00,61,62.536,62.06
11-16-2024 15:00:00,60.461,61.998,60.927
11-16-2024 16:00:00,58.867,60.099,58.875
11-16-2024 17:00:00,57.023,58.159,56.923
11-16-2024 18:00:00,55.401,56.317,54.969
11-16-2024 19:00:00,53.899,54.181,52.905
11-16-2024 20:00:00,52.992,53.232,52.134
11-16-2024 21:00:00,52.41,52.752,51.659
11-16-2024 22:00:00,51.16,50.443,49.814
11-16-2024 23:00:00,48.975,46.737,46.803
11-17-2024 00:00:00,48.589,47.421,47.33
11-17-2024 01:00:00,47.705,47.891,47.083
11-17-2024 02:00:00,47.166,47.343,46.497
11-17-2024 03:00:00,45.946,44.635,44.034
11-17-2024 04:00:00,45.087,42.309,41.898
11-17-2024 05:00:00,43.102,39.408,38.913
11-17-2024 06:00:00,41.956,38.413,37.067
11-17-2024 07:00:00,43.267,39.702,37.971
11-17-2024 08:00:00,49.144,47.287,44.894
11-17-2024 09:00:00,53.424,55.124,52.45
11-17-2024 10:00:00,57.249,59.878,57.468
11-17-2024 11:00:00,60.945,63.554,62.538
11-17-2024 12:00:00,62.619,65.427,64.913
11-17-2024 13:00:00,63.407,65.323,65.09
11-17-2024 14:00:00,62.604,64.672,63.754
11-17-2024 15:00:00,61.851,63.515,62.176
11-17-2024 16:00:00,59.912,60.14,58.609
11-17-2024 17:00:00,57.672,56.482,54.682
11-17-2024 18:00:00,56.089,54.335,52.465
11-17-2024 19:00:00,54.263,52.214,50.757
11-17-2024 20:00:00,52.514,52.097,50.675
11-17-2024 21:00:00,50.857,49.421,48.165
11-17-2024 22:00:00,48.94,46.52,45.23
11-17-2024 23:00:00,47.203,44.812,43.211
11-18-2024 00:00:00,46.899,44.811,43.507
11-18-2024 01:00:00,46.594,45.062,44.47
11-18-2024 02:00:00,45.572,44.565,43.244
11-18-2024 03:00:00,45.716,45.589,44.301
11-18-2024 04:00:00,46.492,46.998,45.574
11-18-2024 05:00:00,47.118,47.503,46.253
11-18-2024 06:00:00,47.73,48.122,47.091
11-18-2024 07:00:00,49.636,50.366,48.877
11-18-2024 08:00:00,54.109,55.47,52.959
11-18-2024 09:00:00,58.325,60.937,57.822
11-18-2024 10:00:00,61.283,64.748,61.261
11-18-2024 11:00:00,63.021,66.25,63.289
11-18-2024 12:00:00,64.897,67.745,66.118
11-18-2024 13:00:00,66.154,67.811,67.204
11-18-2024 14:00:00,66.081,67.582,66.999
11-18-2024 15:00:00,64.879,66.409,65.323
11-18-2024 16:00:00,63.254,64.131,62.989
11-18-2024 17:00:00,60.704,59.996,59.779
11-18-2024 18:00:00,59.114,56.735,56.191
11-18-2024 19:00:00,57.623,55.612,55.7
11-18-2024 20:00:00,56.91,53.033,53.379
11-18-2024 21:00:00,54.818,49.445,49.39
11-18-2024 22:00:00,54.708,52.013,52.513
11-18-2024 23:00:00,53.887,53.415,52.801
11-19-2024 00:00:00,52.867,52.989,52.25
11-19-2024 01:00:00,51.353,51.088,50.47
11-19-2024 02:00:00,50.01,49.94,49.161
11-19-2024 03:00:00,49.024,48.689,47.979
11-19-2024 04:00:00,48.368,48.679,47.732
11-19-2024 05:00:00,46.861,46.755,46.186
11-19-2024 06:00:00,45.756,46.185,45.117
11-19-2024 07:00:00,48.929,48.731,47.128
11-19-2024 08:00:00,52.055,52.336,49.945
11-19-2024 09:00:00,54.519,55.571,52.524
11-19-2024 10:00:00,56.282,57.568,55.522
11-19-2024 11:00:00,58.154,60.251,59.131
11-19-2024 12:00:00,61.045,62.554,62.769
11-19-2024 13:00:00,62.821,63.767,64.916
11-19-2024 14:00:00,63.327,63.553,64.519
11-19-2024 15:00:00,62.132,63.021,62.634
11-19-2024 16:00:00,60.105,60.5,59.457
11-19-2024 17:00:00,58.492,58.12,56.663
11-19-2024 18:00:00,56.161,55.071,53.939
11-19-2024 19:00:00,56.696,55.313,54.182
11-19-2024 20:00:00,56.047,55.275,54.098
11-19-2024 21:00:00,55.736,54.917,53.763
11-19-2024 22:00:00,53.142,52.191,51.746
11-19-2024 23:00:00,51.299,50.908,50.008
11-20-2024 00:00:00,51.671,51.151,50.228
11-20-2024 01:00:00,51.625,51.366,50.534
11-20-2024 02:00:00,51.65,51.712,50.647
11-20-2024 03:00:00,52.175,52.049,51.065
11-20-2024 04:00:00,51.537,51.918,50.784
11-20-2024 05:00:00,52.137,52.205,51.112
11-20-2024 06:00:00,51.942,52.449,51.265
11-20-2024 07:00:00,52.038,52.831,51.515
11-20-2024 08:00:00,53.39,54.442,53.05
11-20-2024 09:00:00,56.704,57.401,56.166
11-20-2024 10:00:00,57.872,60.549,60.371
11-20-2024 11:00:00,60.08,61.988,61.957
11-20-2024 12:00:00,61.11,62.506,62.782
11-20-2024 13:00:00,61.785,62.959,62.991
11-20-2024 14:00:00,61.104,63.437,62.708
11-20-2024 15:00:00,60.705,62.758,62.123
11-20-2024 16:00:00,60.023,61.226,59.789
11-20-2024 17:00:00,57.773,59.165,57.629
11-20-2024 18:00:00,56.283,57.425,55.825
11-20-2024 19:00:00,54.744,55.09,53.271
11-20-2024 20:00:00,53.984,54.43,52.577
11-20-2024 21:00:00,54.627,55.529,54.148
11-20-2024 22:00:00,55.315,56.442,55.266
11-20-2024 23:00:00,55.327,56.484,55.286
11-21-2024 00:00:00,52.926,54.094,52.842
11-21-2024 01:00:00,51.728,53.201,51.879
11-21-2024 02:00:00,51.383,52.689,51.478
11-21-2024 03:00:00,47.669,49.29,48.014
11-21-2024 04:00:00,46.771,48.231,46.936
11-21-2024 05:00:00,46.135,47.567,46.305
11-21-2024 06:00:00,46.251,47.569,46.366
11-21-2024 07:00:00,45.745,47.2,45.886
11-21-2024 08:00:00,46.443,47.658,46.353
11-21-2024 09:00:00,48.112,48.253,47.054
11-21-2024 10:00:00,48.012,48.603,47.232
11-21-2024 11:00:00,47.526,48.533,47.085
11-21-2024 12:00:00,47.504,48.718,47.184
11-21-2024 13:00:00,45.657,47.435,45.999
11-21-2024 14:00:00,44.143,45.903,44.502
11-21-2024 15:00:00,41.944,43.882,42.36
11-21-2024 16:00:00,40.316,42.065,40.469
11-21-2024 17:00:00,39.897,41.446,39.993
11-21-2024 18:00:00,40.08,41.738,40.168
11-21-2024 19:00:00,39.865,41.49,39.976
11-21-2024 20:00:00,39.637,41.231,39.66
11-21-2024 21:00:00,39.313,40.924,39.379
11-21-2024 22:00:00,38.934,40.553,39.017
11-21-2024 23:00:00,39.19,40.76,39.253
11-22-2024 00:00:00,39.278,40.928,39.452
11-22-2024 01:00:00,39.543,41.158,39.799
11-22-2024 02:00:00,39.808,41.393,40.019
11-22-2024 03:00:00,39.924,41.459,40.093
11-22-2024 04:00:00,39.825,41.335,39.92
11-22-2024 05:00:00,39.133,40.631,39.232
11-22-2024 06:00:00,37.835,39.331,37.937
11-22-2024 07:00:00,37.464,39.048,37.678
11-22-2024 08:00:00,37.898,39.667,38.254
11-22-2024 09:00:00,37.564,39.43,37.861
11-22-2024 10:00:00,37.358,39.08,37.433
11-22-2024 11:00:00,37.855,39.392,38.07
11-22-2024 12:00:00,37.805,39.184,37.922
11-22-2024 13:00:00,37.624,39.062,37.71
11-22-2024 14:00:00,37.573,39.054,37.669
11-22-2024 15:00:00,37.241,38.746,37.357
11-22-2024 16:00:00,36.821,38.248,36.92
11-22-2024 17:00:00,36.738,38.232,36.738
11-22-2024 18:00:00,36.65,37.87,36.315
11-22-2024 19:00:00,37.089,37.923,36.249
11-22-2024 20:00:00,37.462,38.518,36.667
11-22-2024 21:00:00,37.354,38.606,36.751
11-22-2024 22:00:00,36.294,37.867,35.938
11-22-2024 23:00:00,35.858,37.335,35.491
11-23-2024 00:00:00,35.761,37.14,35.506
11-23-2024 01:00:00,35.517,37.125,35.376
11-23-2024 02:00:00,35.266,36.879,35.158
11-23-2024 03:00:00,36.089,37.742,36.087
11-23-2024 04:00:00,36.588,38.246,36.675
11-23-2024 05:00:00,36.607,38.089,36.568
11-23-2024 06:00:00,36.608,37.88,36.445
11-23-2024 07:00:00,37.348,38.656,37.34
11-23-2024 08:00:00,39.727,41.238,39.936
11-23-2024 09:00:00,43.946,45.624,43.854
11-23-2024 10:00:00,46.247,48.131,46.416
11-23-2024 11:00:00,47.741,50.049,48.353
11-23-2024 12:00:00,48.257,50.26,48.857
11-23-2024 13:00:00,48.673,50.544,49.643
11-23-2024 14:00:00,48.555,50.195,49.164
11-23-2024 15:00:00,48.198,49.575,48.503
11-23-2024 16:00:00,47.091,48.247,47.118
11-23-2024 17:00:00,46.215,47.149,45.955
11-23-2024 18:00:00,45.47,46.19,45.026
11-23-2024 19:00:00,45.802,46.641,45.272
11-23-2024 20:00:00,46.617,47.517,46.233
11-23-2024 21:00:00,48.151,49.151,48.051
11-23-2024 22:00:00,48.426,49.383,48.378
11-23-2024 23:00:00,48.13,49.291,48.236
11-24-2024 00:00:00,47.813,48.828,47.785
11-24-2024 01:00:00,47.212,48.122,46.955
11-24-2024 02:00:00,46.59,47.533,46.348
11-24-2024 03:00:00,45.966,46.736,45.493
11-24-2024 04:00:00,44.639,44.204,43.458
11-24-2024 05:00:00,43.719,42.499,42.222
11-24-2024 06:00:00,43.82,41.919,41.543
11-24-2024 07:00:00,44.184,42.784,42.569
11-24-2024 08:00:00,45.826,46.004,45.087
11-24-2024 09:00:00,47.738,48.536,47.871
11-24-2024 10:00:00,49.423,50.986,49.983
11-24-2024 11:00:00,51.789,53.815,52.494
11-24-2024 12:00:00,52.159,54.302,53.029
11-24-2024 13:00:00,52.619,54.418,53.67
11-24-2024 14:00:00,52.211,53.964,52.815
11-24-2024 15:00:00,52.088,53.584,52.463
11-24-2024 16:00:00,50.944,52.273,51.048
11-24-2024 17:00:00,49.633,50.556,49.369
11-24-2024 18:00:00,48.978,49.993,48.909
11-24-2024 19:00:00,48.408,49.362,48.201
11-24-2024 20:00:00,47.753,48.638,47.401
11-24-2024 21:00:00,47.057,47.701,46.497
11-24-2024 22:00:00,46.199,46.63,45.545
11-24-2024 23:00:00,46.033,46.499,45.441
11-25-2024 00:00:00,45.833,46.581,45.454
11-25-2024 01:00:00,44.907,45.202,44.09
11-25-2024 02:00:00,43.547,43.479,42.486
11-25-2024 03:00:00,41.739,40.875,39.605
11-25-2024 04:00:00,40.429,39.182,37.708
11-25-2024 05:00:00,39.505,38.174,36.707
11-25-2024 06:00:00,38.755,37.327,35.396
11-25-2024 07:00:00,39.701,37.336,35.999
11-25-2024 08:00:00,42.182,42.031,39.615
11-25-2024 09:00:00,46.397,47.927,44.887
11-25-2024 10:00:00,48.985,51.83,49.068
11-25-2024 11:00:00,52.028,54.416,52.667
11-25-2024 12:00:00,53.581,56.531,55.346
11-25-2024 13:00:00,55.994,57.076,57.795
11-25-2024 14:00:00,56.602,57.463,58.199
11-25-2024 15:00:00,56.892,57.433,57.184
11-25-2024 16:00:00,54.12,53.694,52.828
11-25-2024 17:00:00,52.323,51.419,50.301
11-25-2024 18:00:00,51.686,51.316,49.893
11-25-2024 19:00:00,51.525,51.468,49.948
11-25-2024 20:00:00,51.405,51.65,50.255
11-25-2024 21:00:00,50.822,51.419,50.14
11-25-2024 22:00:00,51.11,51.505,50.524
11-25-2024 23:00:00,51.115,52.057,50.85
11-26-2024 00:00:00,50.351,50.809,49.754
11-26-2024 01:00:00,49.027,48.593,47.341
11-26-2024 02:00:00,48.454,48.279,46.963
11-26-2024 03:00:00,48.744,48.832,47.37
11-26-2024 04:00:00,49.043,48.854,47.131
11-26-2024 05:00:00,50.23,49.984,48.503
11-26-2024 06:00:00,51.379,51.33,49.897
11-26-2024 07:00:00,51.323,52.291,50.847
11-26-2024 08:00:00,51.413,52.358,50.733
11-26-2024 09:00:00,51.426,52.581,51.026
11-26-2024 10:00:00,52.219,53.696,52.264
11-26-2024 11:00:00,54.486,55.856,54.524
11-26-2024 12:00:00,57.769,59.575,58.355
11-26-2024 13:00:00,59.535,61.046,60.935
11-26-2024 14:00:00,60.336,61.515,61.308
11-26-2024 15:00:00,59.226,60.374,59.587
11-26-2024 16:00:00,56.763,57.751,56.701
11-26-2024 17:00:00,53.799,54.554,53.57
11-26-2024 18:00:00,51.968,52.716,51.669
11-26-2024 19:00:00,50.039,50.279,49.481
11-26-2024 20:00:00,48.265,48.246,47.409
11-26-2024 21:00:00,46.793,46.057,45.558
11-26-2024 22:00:00,45.254,42.718,42.293
11-26-2024 23:00:00,43.707,40.762,39.241
11-27-2024 00:00:00,42.208,39.557,38.065
11-27-2024 01:00:00,42.045,39.832,38.574
11-27-2024 02:00:00,41.509,39.036,37.405
11-27-2024 03:00:00,41.17,38.012,36.461
11-27-2024 04:00:00,40.018,36.349,34.876
11-27-2024 05:00:00,38.86,35.293,33.636
11-27-2024 06:00:00,37.69,34.295,32.22
11-27-2024 07:00:00,38.469,35.381,33.33
11-27-2024 08:00:00,42.142,41.118,38.761
11-27-2024 09:00:00,45.509,46.994,45.226
11-27-2024 10:00:00,47.503,50.461,48.61
11-27-2024 11:00:00,49.132,51.856,50.099
11-27-2024 12:00:00,49.339,51.372,49.891
11-27-2024 13:00:00,50.755,52.6,51.884
11-27-2024 14:00:00,50.866,52.431,51.503
11-27-2024 15:00:00,50.412,51.808,50.44
11-27-2024 16:00:00,48.8,49.085,47.63
11-27-2024 17:00:00,47.487,46.569,44.64
11-27-2024 18:00:00,46.285,44.711,42.752
11-27-2024 19:00:00,46.007,44.231,42.527
11-27-2024 20:00:00,45.089,43.676,42.112
11-27-2024 21:00:00,44.175,43.349,41.691
11-27-2024 22:00:00,44.451,43.792,42.266
11-27-2024 23:00:00,44.461,43.819,42.231
11-28-2024 00:00:00,44.172,43.781,42.222
11-28-2024 01:00:00,43.876,43.953,42.368
11-28-2024 02:00:00,43.64,44.197,42.45
11-28-2024 03:00:00,42.875,43.898,42.253
11-28-2024 04:00:00,41.886,43.142,41.4
11-28-2024 05:00:00,41.526,42.962,41.425
11-28-2024 06:00:00,41.518,42.818,41.449
11-28-2024 07:00:00,42.523,43.759,42.462
11-28-2024 08:00:00,44.144,45.32,43.929
11-28-2024 09:00:00,45.698,46.774,45.43
11-28-2024 10:00:00,46.892,48.129,46.599
11-28-2024 11:00:00,47.811,49.012,47.555
11-28-2024 12:00:00,49.234,50.622,49.247
11-28-2024 13:00:00,48.953,50.531,49.244
11-28-2024 14:00:00,47.581,49.309,48.017
11-28-2024 15:00:00,46.014,47.717,46.35
11-28-2024 16:00:00,45.335,46.863,45.565
11-28-2024 17:00:00,44.929,46.419,45.148
11-28-2024 18:00:00,44.065,45.528,44.301
11-28-2024 19:00:00,43.513,44.924,43.639
11-28-2024 20:00:00,42.418,43.581,42.372
11-28-2024 21:00:00,41.542,42.495,41.229
11-28-2024 22:00:00,41.379,42.272,41.161
11-28-2024 23:00:00,40.514,40.89,39.593
11-29-2024 00:00:00,38.832,37.894,36.548
11-29-2024 01:00:00,37.832,36.375,35.047
11-29-2024 02:00:00,36.697,35.401,33.889
11-29-2024 03:00:00,35.973,34.648,33.045
11-29-2024 04:00:00,34.868,33.455,31.801
11-29-2024 05:00:00,35.157,33.684,31.998
11-29-2024 06:00:00,34.735,33.225,31.861
11-29-2024 07:00:00,36.865,36.661,35.144
11-29-2024 08:00:00,39.921,39.762,37.171
11-29-2024 09:00:00,42.709,44.637,41.939
11-29-2024 10:00:00,44.792,47.53,44.974
11-29-2024 11:00:00,45.298,48.051,46.344
11-29-2024 12:00:00,45.328,47.64,45.906
11-29-2024 13:00:00,44.306,46.151,44.509
11-29-2024 14:00:00,43.513,45.512,43.737
11-29-2024 15:00:00,43.191,44.961,43.31
11-29-2024 16:00:00,39.843,41.404,39.715
11-29-2024 17:00:00,38.952,40.179,38.568
11-29-2024 18:00:00,36.911,38.025,36.658
11-29-2024 19:00:00,36.036,36.522,35.05
11-29-2024 20:00:00,35.418,35.848,34.241
11-29-2024 21:00:00,34.322,35.091,33.637
11-29-2024 22:00:00,33.269,34.093,32.447
11-29-2024 23:00:00,32.165,32.983,31.342
11-30-2024 00:00:00,31.414,32.224,30.399
11-30-2024 01:00:00,30.478,30.991,29.123
11-30-2024 02:00:00,29.39,30.168,28.053
11-30-2024 03:00:00,29.073,29.311,27.476
11-30-2024 04:00:00,28.829,28.74,27.382
11-30-2024 05:00:00,28.469,28.896,27.421
11-30-2024 06:00:00,27.783,28.007,26.133
11-30-2024 07:00:00,28.022,27.695,25.606
11-30-2024 08:00:00,30.696,31.525,29.03
11-30-2024 09:00:00,32.562,34.855,32.392
11-30-2024 10:00:00,34.036,37.084,34.718
11-30-2024 11:00:00,35.429,38.575,36.456
11-30-2024 12:00:00,36.606,39.468,38.244
11-30-2024 13:00:00,37.132,39.082,38.569
11-30-2024 14:00:00,36.617,38.273,37.216
11-30-2024 15:00:00,36.079,37.548,35.993
11-30-2024 16:00:00,35.228,36.029,34.489
11-30-2024 17:00:00,33.851,34.58,32.967
11-30-2024 18:00:00,32.462,33.107,31.314
11-30-2024 19:00:00,31.229,31.883,30.169
11-30-2024 20:00:00,30.31,31.092,29.48
11-30-2024 21:00:00,29.87,30.789,29.048
11-30-2024 22:00:00,29.215,30.113,28.242
11-30-2024 23:00:00,28.124,28.883,26.735
12-01-2024 00:00:00,27.039,27.745,25.423
12-01-2024 01:00:00,25.992,26.428,24.257
12-01-2024 02:00:00,25.101,25.658,23.429
12-01-2024 03:00:00,24.569,25.456,23.405
12-01-2024 04:00:00,24.522,25.386,23.073
12-01-2024 05:00:00,24.269,24.789,22.443
12-01-2024 06:00:00,24.204,24.139,21.726
12-01-2024 07:00:00,24.484,25.058,22.349
12-01-2024 08:00:00,26.426,27.463,25.392
12-01-2024 09:00:00,29.488,31.042,29.556
12-01-2024 10:00:00,32.121,33.915,32.691
12-01-2024 11:00:00,34.275,36.197,34.861
12-01-2024 12:00:00,35.326,37.228,35.765
12-01-2024 13:00:00,36.12,37.949,36.552
12-01-2024 14:00:00,37.018,38.599,37.562
12-01-2024 15:00:00,36.885,38.188,36.877
12-01-2024 16:00:00,35.457,36.191,34.726
12-01-2024 17:00:00,34.195,34.298,32.621
12-01-2024 18:00:00,32.807,32.354,30.843
12-01-2024 19:00:00,31.77,31.254,29.873
12-01-2024 20:00:00,30.745,29.938,28
12-01-2024 21:00:00,29.499,28.324,26.261
12-01-2024 22:00:00,28.44,27.053,25.192
12-01-2024 23:00:00,27.973,26.059,23.854
12-02-2024 00:00:00,26.765,25.087,22.535
12-02-2024 01:00:00,25.181,24.283,21.761
12-02-2024 02:00:00,25.378,24.203,22.644
12-02-2024 03:00:00,25.439,24.452,22.818
12-02-2024 04:00:00,24.658,23.392,21.89
12-02-2024 05:00:00,24.445,22.525,20.384
12-02-2024 06:00:00,22.862,21.933,19.188
12-02-2024 07:00:00,23.272,22.337,19.609
12-02-2024 08:00:00,28.388,28.007,24.119
12-02-2024 09:00:00,32.981,34.032,31.013
12-02-2024 10:00:00,35.574,38.302,34.957
12-02-2024 11:00:00,37.298,40.395,37.418
12-02-2024 12:00:00,38.856,40.991,39.146
12-02-2024 13:00:00,39.129,40.366,39.383
12-02-2024 14:00:00,38.572,40.062,39.018
12-02-2024 15:00:00,37.844,39.549,37.916
12-02-2024 16:00:00,37.065,38.745,37.034
12-02-2024 17:00:00,36.504,38.072,36.416
12-02-2024 18:00:00,35.956,37.295,35.542
12-02-2024 19:00:00,34.761,35.734,34.041
12-02-2024 20:00:00,32.94,33.56,31.832
12-02-2024 21:00:00,31.865,32.383,30.645
12-02-2024 22:00:00,30.834,30.991,29.546
12-02-2024 23:00:00,30.449,30.986,29.518
12-03-2024 00:00:00,30.698,31.651,30.152
12-03-2024 01:00:00,30.643,31.836,29.997
12-03-2024 02:00:00,30.052,31.39,29.695
12-03-2024 03:00:00,29.466,30.679,29.146
12-03-2024 04:00:00,29.645,30.762,29.166
12-03-2024 05:00:00,29.635,30.424,28.717
12-03-2024 06:00:00,29.79,30.954,29.227
12-03-2024 07:00:00,30.709,31.784,29.996
12-03-2024 08:00:00,33.9,35.139,32.516
12-03-2024 09:00:00,36.335,38.54,35.433
12-03-2024 10:00:00,38.481,41.556,38.291
12-03-2024 11:00:00,40.293,43.642,41.141
12-03-2024 12:00:00,40.815,43.282,41.89
12-03-2024 13:00:00,41.064,42.415,41.964
12-03-2024 14:00:00,40.437,41.913,40.519
12-03-2024 15:00:00,39.617,40.973,39.48
12-03-2024 16:00:00,38.262,39.247,37.589
12-03-2024 17:00:00,37.076,37.869,35.982
12-03-2024 18:00:00,36.092,37.206,35.661
12-03-2024 19:00:00,34.545,35.479,33.804
12-03-2024 20:00:00,33.156,33.426,31.757
12-03-2024 21:00:00,31.364,30.844,29.03
12-03-2024 22:00:00,31.177,30.645,28.988
12-03-2024 23:00:00,30.75,29.506,27.796
12-04-2024 00:00:00,29.452,28.02,26.045
12-04-2024 01:00:00,28.55,27.191,25.377
12-04-2024 02:00:00,28.449,27.038,25.106
12-04-2024 03:00:00,27.957,26.515,24.457
12-04-2024 04:00:00,27.308,25.481,23.03
12-04-2024 05:00:00,26.306,24.489,21.945
12-04-2024 06:00:00,26.318,25.496,22.986
12-04-2024 07:00:00,26.717,26.294,23.28
12-04-2024 08:00:00,29.989,30.014,26.368
12-04-2024 09:00:00,33.112,34.464,31.331
12-04-2024 10:00:00,35.232,37.025,34.764
12-04-2024 11:00:00,36.363,38.457,36.83
12-04-2024 12:00:00,36.739,38.642,37.639
12-04-2024 13:00:00,39.491,41.258,41.371
12-04-2024 14:00:00,40.008,41.872,41.099
12-04-2024 15:00:00,39.602,41.406,40.014
12-04-2024 16:00:00,38.876,40.541,38.854
12-04-2024 17:00:00,38.645,40.346,38.561
12-04-2024 18:00:00,38.558,40.19,38.434
12-04-2024 19:00:00,38.76,40.301,38.776
12-04-2024 20:00:00,39.781,41.247,39.755
12-04-2024 21:00:00,40.21,41.713,40.187
12-04-2024 22:00:00,39.238,40.729,39.195
12-04-2024 23:00:00,36.837,38.154,36.619
12-05-2024 00:00:00,34.019,35.186,33.691
12-05-2024 01:00:00,34.22,35.397,33.984
12-05-2024 02:00:00,34.969,36.178,34.69
12-05-2024 03:00:00,35.313,36.606,35.029
12-05-2024 04:00:00,36.188,37.214,35.542
12-05-2024 05:00:00,36.984,38.129,36.498
12-05-2024 06:00:00,36.772,38.094,36.549
12-05-2024 07:00:00,36.672,38.051,36.373
12-05-2024 08:00:00,37.265,38.842,37.13
12-05-2024 09:00:00,39.358,41.134,39.4
12-05-2024 10:00:00,36.675,38.724,37.062
12-05-2024 11:00:00,37.441,39.597,37.915
12-05-2024 12:00:00,36.184,37.915,36.476
12-05-2024 13:00:00,35.662,37.144,35.892
12-05-2024 14:00:00,34.998,36.414,35.151
12-05-2024 15:00:00,35.231,36.418,35.195
12-05-2024 16:00:00,34.623,35.762,34.47
12-05-2024 17:00:00,33.687,34.806,33.523
12-05-2024 18:00:00,32.684,33.769,32.491
12-05-2024 19:00:00,31.463,32.516,31.242
12-05-2024 20:00:00,30.65,31.775,30.481
12-05-2024 21:00:00,30.047,31.16,29.84
12-05-2024 22:00:00,29.563,30.643,29.333
12-05-2024 23:00:00,29.334,30.448,29.148
12-06-2024 00:00:00,29.715,30.95,29.517
12-06-2024 01:00:00,29.476,30.644,29.055
12-06-2024 02:00:00,29.518,30.677,28.926
12-06-2024 03:00:00,30.28,31.509,29.805
12-06-2024 04:00:00,31.197,32.63,31.138
12-06-2024 05:00:00,31.175,32.643,31.082
12-06-2024 06:00:00,30.999,32.548,30.916
12-06-2024 07:00:00,30.285,31.883,30.162
12-06-2024 08:00:00,30.819,32.084,29.904
12-06-2024 09:00:00,31.384,33.05,30.513
12-06-2024 10:00:00,32.576,34.408,31.921
12-06-2024 11:00:00,33.903,36.011,33.409
12-06-2024 12:00:00,34.294,36,34.571
12-06-2024 13:00:00,35.121,35.999,35.39
12-06-2024 14:00:00,35.077,36.068,35.342
12-06-2024 15:00:00,34.129,35.177,33.899
12-06-2024 16:00:00,32.905,33.902,32.317
12-06-2024 17:00:00,31.533,31.864,30.326
12-06-2024 18:00:00,30.728,30.581,28.846
12-06-2024 19:00:00,29.836,29.109,26.885
12-06-2024 20:00:00,29.773,30.171,28.212
12-06-2024 21:00:00,29.824,30.843,28.936
12-06-2024 22:00:00,30.13,31.285,29.342
12-06-2024 23:00:00,30.462,31.657,29.972
12-07-2024 00:00:00,30.553,31.816,30.192
12-07-2024 01:00:00,30.684,31.95,30.269
12-07-2024 02:00:00,30.557,31.843,30.179
12-07-2024 03:00:00,30.409,31.787,30.021
12-07-2024 04:00:00,30.345,31.738,29.992
12-07-2024 05:00:00,30.253,31.717,29.991
12-07-2024 06:00:00,30.237,31.691,29.873
12-07-2024 07:00:00,30.411,31.918,30.083
12-07-2024 08:00:00,31.394,33.005,31.439
12-07-2024 09:00:00,33.43,35.242,33.725
12-07-2024 10:00:00,35.317,37.597,35.77
12-07-2024 11:00:00,37.95,41.2,39.44
12-07-2024 12:00:00,39.245,41.789,40.927
12-07-2024 13:00:00,39.742,41.736,41.175
12-07-2024 14:00:00,38.68,40.588,39.105
12-07-2024 15:00:00,37.944,39.524,37.874
12-07-2024 16:00:00,36.577,38.167,36.494
12-07-2024 17:00:00,35.989,37.439,35.816
12-07-2024 18:00:00,35.973,37.484,35.528
12-07-2024 19:00:00,35.953,36.955,34.895
12-07-2024 20:00:00,35.995,37.194,35.268
12-07-2024 21:00:00,35.814,37.122,35.375
12-07-2024 22:00:00,36.21,37.532,35.923
12-07-2024 23:00:00,35.945,37.265,35.652
12-08-2024 00:00:00,35.548,36.718,35.052
12-08-2024 01:00:00,35.711,36.857,35.148
12-08-2024 02:00:00,36.577,37.83,36.295
12-08-2024 03:00:00,37.219,38.533,37.053
12-08-2024 04:00:00,37.783,39.17,37.623
12-08-2024 05:00:00,38.129,39.511,37.998
12-08-2024 06:00:00,38.926,40.286,38.738
12-08-2024 07:00:00,39.868,41.205,39.707
12-08-2024 08:00:00,40.873,42.345,41.002
12-08-2024 09:00:00,43.434,45.307,43.426
12-08-2024 10:00:00,48.375,50.923,49.019
12-08-2024 11:00:00,53.449,56.364,54.789
12-08-2024 12:00:00,55.554,58.154,56.871
12-08-2024 13:00:00,55.275,57.152,56.066
12-08-2024 14:00:00,55.028,56.491,55.342
12-08-2024 15:00:00,55.577,56.845,55.891
12-08-2024 16:00:00,54.234,55.036,54.198
12-08-2024 17:00:00,52.37,52.02,51.839
12-08-2024 18:00:00,51.617,49.363,51.003
12-08-2024 19:00:00,49.911,47.388,47.935
12-08-2024 20:00:00,47.58,44.761,44.968
12-08-2024 21:00:00,46.197,42.731,42.53
12-08-2024 22:00:00,45.433,40.468,40.084
12-08-2024 23:00:00,43.625,39.061,39.23
12-09-2024 00:00:00,42.04,37.65,37.727
12-09-2024 01:00:00,41.082,36.543,36.349
12-09-2024 02:00:00,40.486,36.036,35.722
12-09-2024 03:00:00,38.711,35.072,34.826
12-09-2024 04:00:00,38.529,34.552,34.237
12-09-2024 05:00:00,39.319,34.375,34.02
12-09-2024 06:00:00,38.856,33.963,33.335
12-09-2024 07:00:00,41.053,35.04,35.739
12-09-2024 08:00:00,42.175,39.933,39.555
12-09-2024 09:00:00,43.775,44.216,43.059
12-09-2024 10:00:00,46.032,47.409,46.091
12-09-2024 11:00:00,47.934,49.357,47.202
12-09-2024 12:00:00,48.575,49.642,47.417
12-09-2024 13:00:00,48.297,49.549,47.865
12-09-2024 14:00:00,48.84,50.158,48.628
12-09-2024 15:00:00,48.534,49.703,48.349
12-09-2024 16:00:00,48.491,49.192,47.91
12-09-2024 17:00:00,48.152,48.119,46.941
12-09-2024 18:00:00,47.751,47.39,46.307
12-09-2024 19:00:00,47.851,47.52,46.858
12-09-2024 20:00:00,47.181,47.64,46.752
12-09-2024 21:00:00,47.071,47.476,46.545
12-09-2024 22:00:00,46.737,46.658,45.92
12-09-2024 23:00:00,45.685,44.999,44.163
12-10-2024 00:00:00,45.567,44.611,43.844
12-10-2024 01:00:00,45.421,45.049,44.142
12-10-2024 02:00:00,45.247,45.25,44.286
12-10-2024 03:00:00,45.279,45.681,44.618
12-10-2024 04:00:00,45.595,45.853,44.847
12-10-2024 05:00:00,45.753,46.177,45.074
12-10-2024 06:00:00,45.977,46.647,45.34
12-10-2024 07:00:00,45.978,47.137,45.609
12-10-2024 08:00:00,46.438,47.752,46.468
12-10-2024 09:00:00,46.8,48.472,47.23
12-10-2024 10:00:00,46.945,48.969,47.378
12-10-2024 11:00:00,47.455,49.409,47.945
12-10-2024 12:00:00,47.447,49.472,48.149
12-10-2024 13:00:00,47.588,49.385,48.109
12-10-2024 14:00:00,48.296,49.871,48.394
12-10-2024 15:00:00,48.86,50.331,48.988
12-10-2024 16:00:00,49.847,51.014,49.589
12-10-2024 17:00:00,49.642,50.864,49.409
12-10-2024 18:00:00,49.909,50.965,49.541
12-10-2024 19:00:00,50.426,51.5,49.996
12-10-2024 20:00:00,50.996,51.897,50.535
12-10-2024 21:00:00,52.224,52.696,51.496
12-10-2024 22:00:00,52.906,53.349,52.442
12-10-2024 23:00:00,53.2,53.145,52.137
12-11-2024 00:00:00,54.209,54.085,53.01
12-11-2024 01:00:00,56.963,56.949,56.403
12-11-2024 02:00:00,57.944,57.832,57.309
12-11-2024 03:00:00,57.933,58.122,57.355
12-11-2024 04:00:00,58.118,58.148,57.698
12-11-2024 05:00:00,59.094,59.455,58.841
12-11-2024 06:00:00,59.804,60.636,59.714
12-11-2024 07:00:00,60.453,61.432,60.35
12-11-2024 08:00:00,61.68,62.745,61.605
12-11-2024 09:00:00,63.681,64.706,63.536
12-11-2024 10:00:00,64.999,66.265,64.99
12-11-2024 11:00:00,64.077,65.336,64.084
12-11-2024 12:00:00,63.248,64.738,63.417
12-11-2024 13:00:00,62.711,64.576,63.201
12-11-2024 14:00:00,61.978,63.736,62.406
12-11-2024 15:00:00,61.475,63.134,61.797
12-11-2024 16:00:00,60.501,62.179,60.912
12-11-2024 17:00:00,57.228,59.058,57.869
12-11-2024 18:00:00,51.93,53.622,52.282
12-11-2024 19:00:00,49.05,50.952,49.624
12-11-2024 20:00:00,43.902,45.689,44.271
12-11-2024 21:00:00,41.554,43.25,41.858
12-11-2024 22:00:00,40.359,42.035,40.655
12-11-2024 23:00:00,39.188,40.624,39.324
12-12-2024 00:00:00,38.235,39.394,38.045
12-12-2024 01:00:00,37.499,38.481,37.158
12-12-2024 02:00:00,36.063,36.832,35.555
12-12-2024 03:00:00,35.109,35.841,34.501
12-12-2024 04:00:00,34.647,35.309,33.839
12-12-2024 05:00:00,33.956,34.536,32.956
12-12-2024 06:00:00,33.462,34.1,32.568
12-12-2024 07:00:00,33.86,34.529,33.132
12-12-2024 08:00:00,36.488,37.421,35.549
12-12-2024 09:00:00,38.716,40.244,38.178
12-12-2024 10:00:00,38.855,40.888,38.69
12-12-2024 11:00:00,39.195,41.172,39.246
12-12-2024 12:00:00,40.022,41.86,40.625
12-12-2024 13:00:00,39.597,40.958,40.833
12-12-2024 14:00:00,39.233,40.401,39.837
12-12-2024 15:00:00,38.196,39.344,38.503
12-12-2024 16:00:00,36.926,37.841,36.555
12-12-2024 17:00:00,35.376,36.373,35.049
12-12-2024 18:00:00,34.177,35.164,33.836
12-12-2024 19:00:00,32.793,33.864,32.404
12-12-2024 20:00:00,30.919,31.922,30.456
12-12-2024 21:00:00,29.658,30.846,29.386
12-12-2024 22:00:00,28.773,29.793,28.195
12-12-2024 23:00:00,28.047,28.771,27.06
12-13-2024 00:00:00,27.488,27.696,25.655
12-13-2024 01:00:00,26.512,26.578,24.578
12-13-2024 02:00:00,26.243,26.143,24.321
12-13-2024 03:00:00,26.576,27.006,25.156
12-13-2024 04:00:00,26.28,27.288,25.35
12-13-2024 05:00:00,25.738,26.693,24.606
12-13-2024 06:00:00,26.313,27.499,25.823
12-13-2024 07:00:00,26.322,27.773,26.124
12-13-2024 08:00:00,28.092,29.345,27.429
12-13-2024 09:00:00,30.151,31.446,29.425
12-13-2024 10:00:00,32.549,34.303,31.581
12-13-2024 11:00:00,33.528,35.726,33.188
12-13-2024 12:00:00,34.143,35.991,34.529
12-13-2024 13:00:00,34.397,35.551,35.137
12-13-2024 14:00:00,34.489,35.077,34.737
12-13-2024 15:00:00,33.553,34.547,33.477
12-13-2024 16:00:00,31.941,32.818,31.407
12-13-2024 17:00:00,30.816,31.283,29.906
12-13-2024 18:00:00,29.905,30.238,28.81
12-13-2024 19:00:00,29.215,29.211,27.977
12-13-2024 20:00:00,28.525,29.244,27.855
12-13-2024 21:00:00,27.475,28.849,27.045
12-13-2024 22:00:00,26.495,27.978,26.153
12-13-2024 23:00:00,25.569,26.953,25.187
12-14-2024 00:00:00,24.581,26.137,24.369
12-14-2024 01:00:00,24.025,25.607,23.837
12-14-2024 02:00:00,23.779,25.34,23.407
12-14-2024 03:00:00,23.329,24.896,23.066
12-14-2024 04:00:00,23.438,24.349,22.587
12-14-2024 05:00:00,23.529,24.637,22.805
12-14-2024 06:00:00,23.243,24.395,22.511
12-14-2024 07:00:00,23.175,24.286,22.596
12-14-2024 08:00:00,25.974,26.943,24.609
12-14-2024 09:00:00,28.513,30.531,28.006
12-14-2024 10:00:00,30.485,33.825,30.779
12-14-2024 11:00:00,32.25,36.088,33.736
12-14-2024 12:00:00,33.661,37.168,36.273
12-14-2024 13:00:00,34.234,36.496,39.321
12-14-2024 14:00:00,34.867,35.951,38.053
12-14-2024 15:00:00,34.025,35.155,34.841
12-14-2024 16:00:00,33.039,33.812,31.892
12-14-2024 17:00:00,31.914,31.817,29.137
12-14-2024 18:00:00,30.924,29.677,27.476
12-14-2024 19:00:00,30.227,28.171,26.414
12-14-2024 20:00:00,29.499,27.061,25.387
12-14-2024 21:00:00,27.394,26.031,23.868
12-14-2024 22:00:00,28.251,26.001,25.015
12-14-2024 23:00:00,27.492,27.49,25.981
12-15-2024 00:00:00,27.038,27.874,26.116
12-15-2024 01:00:00,26.589,27.657,25.702
12-15-2024 02:00:00,26.133,27.368,25.463
12-15-2024 03:00:00,25.681,26.963,25.282
12-15-2024 04:00:00,25.397,26.532,24.944
12-15-2024 05:00:00,25.369,26.452,24.701
12-15-2024 06:00:00,25.409,26.524,24.726
12-15-2024 07:00:00,25.79,26.961,24.951
12-15-2024 08:00:00,27.436,28.727,27.118
12-15-2024 09:00:00,30.302,32.079,29.81
12-15-2024 10:00:00,32.719,34.767,33.423
12-15-2024 11:00:00,34.218,36.37,35.42
12-15-2024 12:00:00,35.614,37.919,37.043
12-15-2024 13:00:00,36.268,38.27,37.243
12-15-2024 14:00:00,36.927,38.825,37.6
12-15-2024 15:00:00,37.315,38.997,37.525
12-15-2024 16:00:00,37.529,38.998,37.034
12-15-2024 17:00:00,36.732,38.034,35.959
12-15-2024 18:00:00,36.666,38.054,35.883
12-15-2024 19:00:00,36.875,38.409,36.455
12-15-2024 20:00:00,37.342,38.485,36.502
12-15-2024 21:00:00,37.416,38.448,36.209
12-15-2024 22:00:00,38.238,39.099,36.878
12-15-2024 23:00:00,38.145,38.742,36.616
12-16-2024 00:00:00,37.731,38.255,36.061
12-16-2024 01:00:00,38.239,38.937,36.796
12-16-2024 02:00:00,38.798,39.717,37.736
12-16-2024 03:00:00,39.667,40.726,38.959
12-16-2024 04:00:00,39.532,40.955,39.52
12-16-2024 05:00:00,41.021,42.022,40.332
12-16-2024 06:00:00,40.78,42.48,40.802
12-16-2024 07:00:00,39.842,41.56,39.896
12-16-2024 08:00:00,40.921,42.507,40.856
12-16-2024 09:00:00,42.99,44.549,42.946
12-16-2024 10:00:00,45.447,47.137,45.45
12-16-2024 11:00:00,46.97,49.03,47.454
12-16-2024 12:00:00,47.825,50.032,48.451
12-16-2024 13:00:00,48.426,50.713,49.059
12-16-2024 14:00:00,49.195,51.326,49.818
12-16-2024 15:00:00,50.045,51.814,50.438
12-16-2024 16:00:00,50.045,51.447,49.925
12-16-2024 17:00:00,49.713,50.806,49.346
12-16-2024 18:00:00,49.414,50.573,49.163
12-16-2024 19:00:00,48.801,50.092,48.7
12-16-2024 20:00:00,48.351,49.598,48.248
12-16-2024 21:00:00,48.721,49.986,48.701
12-16-2024 22:00:00,48.853,50.325,49.048
12-16-2024 23:00:00,49.722,51.151,49.844
12-17-2024 00:00:00,50.737,52.183,50.858
12-17-2024 01:00:00,51.26,52.768,51.329
12-17-2024 02:00:00,51.704,53.131,51.635
12-17-2024 03:00:00,51.63,53.076,51.701
12-17-2024 04:00:00,51.596,53.035,51.687
12-17-2024 05:00:00,51.631,53.036,51.738
12-17-2024 06:00:00,51.53,52.883,51.557
12-17-2024 07:00:00,51.52,52.928,51.497
12-17-2024 08:00:00,51.615,53.196,51.691
12-17-2024 09:00:00,52.221,53.941,52.466
12-17-2024 10:00:00,53.3,55.115,53.513
12-17-2024 11:00:00,54.498,56.563,55.119
12-17-2024 12:00:00,56.221,58.14,56.83
12-17-2024 13:00:00,58.252,59.466,59.119
12-17-2024 14:00:00,59.169,60.208,59.896
12-17-2024 15:00:00,58.57,59.235,58.523
12-17-2024 16:00:00,56.53,56.428,55.756
12-17-2024 17:00:00,53.952,53.487,53.329
12-17-2024 18:00:00,52.494,52.128,51.888
12-17-2024 19:00:00,51.395,50.356,50.771
12-17-2024 20:00:00,50.105,49.831,49.853
12-17-2024 21:00:00,49.207,49.007,48.903
12-17-2024 22:00:00,48.447,48.472,48.161
12-17-2024 23:00:00,48.138,45.976,46.212
12-18-2024 00:00:00,47.464,43.635,45.188
12-18-2024 01:00:00,46.94,43.218,44.858
12-18-2024 02:00:00,45.218,41.006,41.821
12-18-2024 03:00:00,43.369,39.081,39.763
12-18-2024 04:00:00,41.065,37.385,36.903
12-18-2024 05:00:00,40.051,36.146,35.651
12-18-2024 06:00:00,38.31,35.026,34.093
12-18-2024 07:00:00,38.84,35.228,34.144
12-18-2024 08:00:00,42.084,38.255,36.41
12-18-2024 09:00:00,47.143,45.686,42.792
12-18-2024 10:00:00,50.716,52.207,50.003
12-18-2024 11:00:00,53.385,56.051,54.935
12-18-2024 12:00:00,55.768,58.266,58.448
12-18-2024 13:00:00,55.686,57.984,58.292
12-18-2024 14:00:00,54.788,57.322,56.4
12-18-2024 15:00:00,53.903,56.155,54.853
12-18-2024 16:00:00,53.497,55.248,53.717
12-18-2024 17:00:00,53.258,54.297,53.108
12-18-2024 18:00:00,50.067,50.743,49.886
12-18-2024 19:00:00,47.834,48.253,47.032
12-18-2024 20:00:00,48.291,48.262,47.211
12-18-2024 21:00:00,47.393,47.701,46.665
12-18-2024 22:00:00,46.882,47.379,46.292
12-18-2024 23:00:00,46.109,46.946,45.825
12-19-2024 00:00:00,45.052,46.032,44.886
12-19-2024 01:00:00,44.347,45.453,44.224
12-19-2024 02:00:00,43.673,44.79,43.55
12-19-2024 03:00:00,42.158,43.262,42.039
12-19-2024 04:00:00,41.54,42.638,41.436
12-19-2024 05:00:00,40.506,41.25,40.047
12-19-2024 06:00:00,39.295,39.939,38.762
12-19-2024 07:00:00,38.978,39.188,37.895
12-19-2024 08:00:00,41.182,41.223,39.336
12-19-2024 09:00:00,44.551,44.762,42.457
12-19-2024 10:00:00,45.407,45.879,43.87
12-19-2024 11:00:00,46.581,48.044,45.734
12-19-2024 12:00:00,46.515,47.737,46.182
12-19-2024 13:00:00,45.232,46.183,45.253
12-19-2024 14:00:00,43.612,44.772,43.216
12-19-2024 15:00:00,42.716,43.824,42.109
12-19-2024 16:00:00,41.418,42.204,40.764
12-19-2024 17:00:00,40.531,41.267,39.743
12-19-2024 18:00:00,39.857,40.454,38.797
12-19-2024 19:00:00,38.652,39.694,38.256
12-19-2024 20:00:00,37.778,38.754,37.419
12-19-2024 21:00:00,36.768,38.031,36.545
12-19-2024 22:00:00,36.216,37.201,35.777
12-19-2024 23:00:00,35.611,36.827,35.291
12-20-2024 00:00:00,35.115,36.424,34.876
12-20-2024 01:00:00,34.964,36.306,34.868
12-20-2024 02:00:00,34.972,36.375,34.914
12-20-2024 03:00:00,34.928,36.209,34.847
12-20-2024 04:00:00,34.856,36.155,34.812
12-20-2024 05:00:00,34.99,36.424,35.023
12-20-2024 06:00:00,35.17,36.706,35.113
12-20-2024 07:00:00,35.224,36.717,35.193
12-20-2024 08:00:00,35.449,36.976,35.353
12-20-2024 09:00:00,35.626,37.281,35.629
12-20-2024 10:00:00,35.089,36.76,35.126
12-20-2024 11:00:00,35.386,36.995,35.845
12-20-2024 12:00:00,36.664,38.126,36.859
12-20-2024 13:00:00,34.773,36.276,34.594
12-20-2024 14:00:00,33.63,35.154,33.564
12-20-2024 15:00:00,33.668,35.225,33.799
12-20-2024 16:00:00,33.687,35.132,33.59
12-20-2024 17:00:00,33.284,34.659,33.188
12-20-2024 18:00:00,33.16,34.594,33.105
12-20-2024 19:00:00,33.298,34.759,33.273
12-20-2024 20:00:00,33.25,34.583,33.129
12-20-2024 21:00:00,33.248,34.449,32.881
12-20-2024 22:00:00,33.228,34.212,32.8
12-20-2024 23:00:00,32.59,33.852,32.431
12-21-2024 00:00:00,32.057,33.53,32.044
12-21-2024 01:00:00,31.893,32.932,31.622
12-21-2024 02:00:00,31.735,32.829,31.49
12-21-2024 03:00:00,31.719,32.82,31.499
12-21-2024 04:00:00,31.815,33.16,31.601
12-21-2024 05:00:00,31.366,32.367,31.073
12-21-2024 06:00:00,30.664,31.705,30.372
12-21-2024 07:00:00,29.683,30.713,29.297
12-21-2024 08:00:00,28.461,29.532,27.563
12-21-2024 09:00:00,29.511,30.406,28.329
12-21-2024 10:00:00,28.715,30.692,28.81
12-21-2024 11:00:00,28.353,30.679,29.11
12-21-2024 12:00:00,28.037,30.253,28.889
12-21-2024 13:00:00,28.314,30.269,29.003
12-21-2024 14:00:00,28.116,29.91,28.501
12-21-2024 15:00:00,27.055,28.845,27.112
12-21-2024 16:00:00,26.699,28.496,26.673
12-21-2024 17:00:00,25.657,27.585,25.622
12-21-2024 18:00:00,24.432,26.289,24.344
12-21-2024 19:00:00,23.215,25.067,23.008
12-21-2024 20:00:00,22.253,23.67,21.751
12-21-2024 21:00:00,20.83,22.565,20.489
12-21-2024 22:00:00,19.995,21.582,19.603
12-21-2024 23:00:00,19.038,20.708,18.714
12-22-2024 00:00:00,17.992,19.631,17.426
12-22-2024 01:00:00,17.044,18.728,16.589
12-22-2024 02:00:00,16.448,18.182,16.164
12-22-2024 03:00:00,16.013,17.712,15.484
12-22-2024 04:00:00,15.472,16.859,14.338
12-22-2024 05:00:00,14.678,15.797,13.303
12-22-2024 06:00:00,14.16,15.714,12.92
12-22-2024 07:00:00,14.115,15.349,12.812
12-22-2024 08:00:00,16.207,17.826,15.139
12-22-2024 09:00:00,18.278,19.847,17.294
12-22-2024 10:00:00,20.134,21.439,19.043
12-22-2024 11:00:00,20.406,22.363,20.725
12-22-2024 12:00:00,21.719,22.972,22.169
12-22-2024 13:00:00,21.956,22.85,22.622
12-22-2024 14:00:00,22.42,23.397,22.439
12-22-2024 15:00:00,21.86,23.217,21.56
12-22-2024 16:00:00,20.732,22.23,20.073
12-22-2024 17:00:00,19.326,20.735,18.391
12-22-2024 18:00:00,18.673,20.254,17.871
12-22-2024 19:00:00,17.649,19.717,17.215
12-22-2024 20:00:00,16.534,18.553,16.168
12-22-2024 21:00:00,15.502,17.618,15.099
12-22-2024 22:00:00,14.55,16.664,14.019
12-22-2024 23:00:00,13.633,15.719,13.227
12-23-2024 00:00:00,12.699,14.634,12.115
12-23-2024 01:00:00,12.016,13.884,11.358
12-23-2024 02:00:00,11.241,13.398,10.875
12-23-2024 03:00:00,10.68,12.585,10.234
12-23-2024 04:00:00,10.459,12.399,9.662
12-23-2024 05:00:00,10.56,12.338,9.757
12-23-2024 06:00:00,10.338,12.306,9.985
12-23-2024 07:00:00,10.716,12.43,10.042
12-23-2024 08:00:00,13.268,14.446,11.551
12-23-2024 09:00:00,16.533,17.963,15.303
12-23-2024 10:00:00,20.44,21.747,20.046
12-23-2024 11:00:00,22.473,23.866,22.736
12-23-2024 12:00:00,25.088,26.079,27.427
12-23-2024 13:00:00,26.666,27.165,29.886
12-23-2024 14:00:00,27.153,27.84,29.812
12-23-2024 15:00:00,26.793,28.171,27.594
12-23-2024 16:00:00,25.569,27.58,25.306
12-23-2024 17:00:00,24.662,26.573,23.703
12-23-2024 18:00:00,24.511,26.422,23.276
12-23-2024 19:00:00,23.985,25.893,22.741
12-23-2024 20:00:00,23.869,25.521,22.633
12-23-2024 21:00:00,23.812,25.784,22.675
12-23-2024 22:00:00,24.052,26.261,23.18
12-23-2024 23:00:00,24.081,26.161,23.121
12-24-2024 00:00:00,24.226,25.82,22.644
12-24-2024 01:00:00,24.342,25.651,22.482
12-24-2024 02:00:00,24.187,25.138,22.562
12-24-2024 03:00:00,23.96,25.176,22.1
12-24-2024 04:00:00,23.502,24.578,21.654
12-24-2024 05:00:00,24.629,25.335,22.607
12-24-2024 06:00:00,25.422,26.543,23.872
12-24-2024 07:00:00,25.66,27.247,24.968
12-24-2024 08:00:00,25.538,27.334,25.324
12-24-2024 09:00:00,26.787,28.773,27.15
12-24-2024 10:00:00,29.236,31.255,29.934
12-24-2024 11:00:00,30.94,33.024,31.658
12-24-2024 12:00:00,32.804,34.934,33.832
12-24-2024 13:00:00,35.589,37.489,36.545
12-24-2024 14:00:00,37.832,39.198,38.74
12-24-2024 15:00:00,39.516,40.358,40.097
12-24-2024 16:00:00,37.942,39.18,38.257
12-24-2024 17:00:00,37.128,38.274,37.162
12-24-2024 18:00:00,36.456,37.446,36.304
12-24-2024 19:00:00,35.955,37.041,35.873
12-24-2024 20:00:00,35.481,36.754,35.563
12-24-2024 21:00:00,34.987,35.269,34.079
12-24-2024 22:00:00,33.605,34.002,32.529
12-24-2024 23:00:00,33.17,33.501,32.187
12-25-2024 00:00:00,33.65,34.526,33.314
12-25-2024 01:00:00,34.048,34.883,33.845
12-25-2024 02:00:00,33.955,34.944,33.507
12-25-2024 03:00:00,33.833,34.538,32.836
12-25-2024 04:00:00,33.555,34.228,32.538
12-25-2024 05:00:00,33.243,34,32.158
12-25-2024 06:00:00,32.745,33.471,31.484
12-25-2024 07:00:00,32.741,33.817,32.416
12-25-2024 08:00:00,33.14,34.23,33.02
12-25-2024 09:00:00,33.674,34.676,33.688
12-25-2024 10:00:00,34.464,35.337,35.382
12-25-2024 11:00:00,35.308,35.697,35.73
12-25-2024 12:00:00,35.451,35.991,35.494
12-25-2024 13:00:00,35.736,36.257,35.859
12-25-2024 14:00:00,35.974,36.694,36.046
12-25-2024 15:00:00,35.217,36.244,35.091
12-25-2024 16:00:00,33.652,34.384,33.085
12-25-2024 17:00:00,32.613,32.152,30.437
12-25-2024 18:00:00,31.86,31.206,29.209
12-25-2024 19:00:00,31.576,29.98,28.176
12-25-2024 20:00:00,31.584,29.575,28.489
12-25-2024 21:00:00,30.199,29.915,28.908
12-25-2024 22:00:00,29.476,29.638,28.215
12-25-2024 23:00:00,28.339,29.386,27.763
12-26-2024 00:00:00,27.682,29.131,27.332
12-26-2024 01:00:00,27.102,28.659,26.749
12-26-2024 02:00:00,26.547,28.037,26.016
12-26-2024 03:00:00,25.701,27.287,25.251
12-26-2024 04:00:00,24.642,26.198,24.087
12-26-2024 05:00:00,24.057,25.588,23.404
12-26-2024 06:00:00,23.614,25.073,22.989
12-26-2024 07:00:00,23.46,24.81,22.845
12-26-2024 08:00:00,25.791,26.331,24.106
12-26-2024 09:00:00,27.647,28.816,27.096
12-26-2024 10:00:00,30.409,31.784,30.991
12-26-2024 11:00:00,33.874,35.081,35.553
12-26-2024 12:00:00,36.002,36.625,38.664
12-26-2024 13:00:00,36.88,36.751,39.375
12-26-2024 14:00:00,37.595,37.303,40.444
12-26-2024 15:00:00,37.159,37.196,38.295
12-26-2024 16:00:00,35.948,35.845,35.352
12-26-2024 17:00:00,34.044,33.883,32.386
12-26-2024 18:00:00,32.565,32.012,30.893
12-26-2024 19:00:00,31.217,29.471,27.969
12-26-2024 20:00:00,30.974,28.216,26.893
12-26-2024 21:00:00,29.488,26.949,25.29
12-26-2024 22:00:00,27.673,25.722,23.881
12-26-2024 23:00:00,28.811,25.214,24.179
12-27-2024 00:00:00,28.599,24.073,23.03
12-27-2024 01:00:00,28.248,23.617,22.484
12-27-2024 02:00:00,26.431,23.264,21.459
12-27-2024 03:00:00,26.497,22.881,20.99
12-27-2024 04:00:00,26.277,22.472,20.631
12-27-2024 05:00:00,25.533,22.373,20.136
12-27-2024 06:00:00,24.526,22.268,19.987
12-27-2024 07:00:00,24.236,22.756,20.56
12-27-2024 08:00:00,28.24,26.546,24.76
12-27-2024 09:00:00,30.254,30.759,29.104
12-27-2024 10:00:00,33.81,34.94,33.958
12-27-2024 11:00:00,37.685,38.858,39.655
12-27-2024 12:00:00,40.628,41.194,43.381
12-27-2024 13:00:00,42.919,42.463,45.508
12-27-2024 14:00:00,44.214,43.693,46.041
12-27-2024 15:00:00,44.078,43.815,44.707
12-27-2024 16:00:00,41.935,41.509,41.358
12-27-2024 17:00:00,40.655,38.354,37.992
12-27-2024 18:00:00,39.106,36.36,35.84
12-27-2024 19:00:00,38.336,36.393,35.868
12-27-2024 20:00:00,36.987,34.762,33.918
12-27-2024 21:00:00,35.949,33.743,32.898
12-27-2024 22:00:00,36.672,35.025,34.283
12-27-2024 23:00:00,37.333,35.74,35.112
12-28-2024 00:00:00,37.982,36.667,35.855
12-28-2024 01:00:00,37.84,36.626,35.597
12-28-2024 02:00:00,38.19,37.072,36.16
12-28-2024 03:00:00,39.293,38.004,37.332
12-28-2024 04:00:00,39.438,38.221,37.187
12-28-2024 05:00:00,38.867,38.208,36.645
12-28-2024 06:00:00,38.154,38.108,36.614
12-28-2024 07:00:00,38.613,38.675,37.159
12-28-2024 08:00:00,39.766,40.321,38.826
12-28-2024 09:00:00,39.662,40.978,39.584
12-28-2024 10:00:00,40.457,41.745,40.371
12-28-2024 11:00:00,42.533,43.892,42.481
12-28-2024 12:00:00,43.654,45.252,43.985
12-28-2024 13:00:00,44.814,46.202,45.081
12-28-2024 14:00:00,45.664,46.699,45.791
12-28-2024 15:00:00,46.095,47.196,46.157
12-28-2024 16:00:00,46.165,47.262,46.109
12-28-2024 17:00:00,46.266,47.112,45.904
12-28-2024 18:00:00,46.374,47.061,46.052
12-28-2024 19:00:00,46.377,46.758,45.842
12-28-2024 20:00:00,46.369,46.687,45.826
12-28-2024 21:00:00,46.669,46.639,45.839
12-28-2024 22:00:00,47.316,46.667,45.978
12-28-2024 23:00:00,47.259,46.505,45.75
12-29-2024 00:00:00,46.004,46.23,45.392
12-29-2024 01:00:00,46.578,46.465,45.574
12-29-2024 02:00:00,46.557,46.356,45.411
12-29-2024 03:00:00,46.23,46.258,45.27
12-29-2024 04:00:00,46.175,46.654,45.404
12-29-2024 05:00:00,46.944,47.415,46.089
12-29-2024 06:00:00,47.572,48.307,46.873
12-29-2024 07:00:00,48.03,48.758,47.381
12-29-2024 08:00:00,48.932,49.546,48.279
12-29-2024 09:00:00,51.007,51.44,50.146
12-29-2024 10:00:00,55.487,56.571,55.572
12-29-2024 11:00:00,61.418,63.777,63.518
12-29-2024 12:00:00,64.069,66.762,66.375
12-29-2024 13:00:00,65.016,67.312,67.045
12-29-2024 14:00:00,64.776,66.608,66.073
12-29-2024 15:00:00,63.995,65.86,64.893
12-29-2024 16:00:00,62.15,63.796,62.486
12-29-2024 17:00:00,61.147,62.601,61.288
12-29-2024 18:00:00,59.731,61.202,60.004
12-29-2024 19:00:00,59.401,60.708,59.597
12-29-2024 20:00:00,59.703,60.981,59.912
12-29-2024 21:00:00,59.867,61.18,60.126
12-29-2024 22:00:00,60.095,61.422,60.353
12-29-2024 23:00:00,59.042,60.32,59.16
12-30-2024 00:00:00,58.294,59.754,58.616
12-30-2024 01:00:00,58.097,59.684,58.599
12-30-2024 02:00:00,58.097,59.448,58.377
12-30-2024 03:00:00,57.947,59.2,58.123
12-30-2024 04:00:00,57.508,58.82,57.714
12-30-2024 05:00:00,57.204,58.477,57.321
12-30-2024 06:00:00,56.49,57.809,56.544
12-30-2024 07:00:00,55.76,57.163,55.836
12-30-2024 08:00:00,55.395,56.839,55.484
12-30-2024 09:00:00,55.638,57.295,55.791
12-30-2024 10:00:00,56.23,58.558,56.659
12-30-2024 11:00:00,56.313,58.749,57.142
12-30-2024 12:00:00,56.24,58.411,57.652
12-30-2024 13:00:00,55.853,57.336,56.386
12-30-2024 14:00:00,55.593,57.079,56.012
12-30-2024 15:00:00,55.089,56.33,55.108
12-30-2024 16:00:00,54.164,55.206,54.016
12-30-2024 17:00:00,52.821,53.197,52.041
12-30-2024 18:00:00,51.495,50.809,50.16
12-30-2024 19:00:00,50.378,49.17,48.984
12-30-2024 20:00:00,49.845,48.047,48.49
12-30-2024 21:00:00,48.778,46.214,45.925
12-30-2024 22:00:00,47.521,44.986,45.055
12-30-2024 23:00:00,46.938,44.225,44.9
12-31-2024 00:00:00,45.274,43.347,42.91
12-31-2024 01:00:00,43.751,40.969,39.985
12-31-2024 02:00:00,43.207,39.611,38.352
12-31-2024 03:00:00,42.397,37.804,36.73
12-31-2024 04:00:00,40.693,35.953,35.245
12-31-2024 05:00:00,40.074,34.88,33.931
12-31-2024 06:00:00,37.663,33.688,32.64
12-31-2024 07:00:00,37.189,33.507,32.449
12-31-2024 08:00:00,40.3,36.784,35.19
12-31-2024 09:00:00,43.592,43.824,41.594
12-31-2024 10:00:00,47.586,49.864,49.238
12-31-2024 11:00:00,52.26,56.124,55.582
12-31-2024 12:00:00,54.016,56.685,56.414
12-31-2024 13:00:00,53.582,55.781,56.025
12-31-2024 14:00:00,53.739,55.703,55.262
12-31-2024 15:00:00,53.407,55.158,54.298
12-31-2024 16:00:00,51.942,53.421,52.264
12-31-2024 17:00:00,50.593,51.575,50.25
12-31-2024 18:00:00,49.723,50.637,49.409
12-31-2024 19:00:00,47.95,49.128,47.819
12-31-2024 20:00:00,46.797,47.995,46.741
12-31-2024 21:00:00,47.12,48.117,47.016
12-31-2024 22:00:00,47.569,48.382,47.164
12-31-2024 23:00:00,47.434,47.342,46.37
01-01-2025 00:00:00,47.261,47.145,46.274
01-01-2025 01:00:00,47.136,47.553,46.411
01-01-2025 02:00:00,46.721,47.484,46.274
01-01-2025 03:00:00,46.56,47.622,46.307
01-01-2025 04:00:00,46.148,47.183,45.865
01-01-2025 05:00:00,45.936,46.954,45.722
01-01-2025 06:00:00,45.854,46.894,45.587
01-01-2025 07:00:00,45.285,46.285,44.913
01-01-2025 08:00:00,45.986,47.184,45.824
01-01-2025 09:00:00,47.526,48.899,47.684
01-01-2025 10:00:00,47.438,49.042,47.863
01-01-2025 11:00:00,47.07,48.848,47.551
01-01-2025 12:00:00,46.1,47.756,46.511
01-01-2025 13:00:00,45.048,46.596,45.445
01-01-2025 14:00:00,45.691,47.159,46.122
01-01-2025 15:00:00,45.369,46.729,45.69
01-01-2025 16:00:00,45.006,46.195,45.112
01-01-2025 17:00:00,43.794,44.96,43.732
01-01-2025 18:00:00,43.146,44.264,43.169
01-01-2025 19:00:00,42.15,43.335,42.194
01-01-2025 20:00:00,41.155,42.301,41.106
01-01-2025 21:00:00,40.049,41.051,39.797
01-01-2025 22:00:00,39.114,40.228,39.005
01-01-2025 23:00:00,38.62,39.64,38.316
01-02-2025 00:00:00,38.093,39.031,37.737
01-02-2025 01:00:00,38.084,39.131,37.869
01-02-2025 02:00:00,38.005,39.032,37.72
01-02-2025 03:00:00,37.343,38.503,37.228
01-02-2025 04:00:00,35.959,36.978,35.627
01-02-2025 05:00:00,35.734,36.803,35.436
01-02-2025 06:00:00,35.678,36.823,35.527
01-02-2025 07:00:00,35.21,36.22,34.87
01-02-2025 08:00:00,36.712,37.81,35.995
01-02-2025 09:00:00,38.79,40.608,38.626
01-02-2025 10:00:00,39.924,42.282,40.241
01-02-2025 11:00:00,40.888,43.655,41.521
01-02-2025 12:00:00,40.557,42.843,41.402
01-02-2025 13:00:00,39.801,41.507,40.088
01-02-2025 14:00:00,38.752,40.624,39.118
01-02-2025 15:00:00,37.932,39.62,38.114
01-02-2025 16:00:00,37.189,38.656,37.185
01-02-2025 17:00:00,36.091,37.323,35.912
01-02-2025 18:00:00,35.009,36.215,34.841
01-02-2025 19:00:00,34.176,35.402,33.952
01-02-2025 20:00:00,33.596,34.817,33.427
01-02-2025 21:00:00,32.9,33.978,32.511
01-02-2025 22:00:00,32.479,33.498,32.16
01-02-2025 23:00:00,32.99,34.198,32.858
01-03-2025 00:00:00,32.996,34.272,32.862
01-03-2025 01:00:00,32.961,34.299,32.928
01-03-2025 02:00:00,32.487,33.77,32.396
01-03-2025 03:00:00,32.241,33.596,32.094
01-03-2025 04:00:00,31.922,33.261,31.727
01-03-2025 05:00:00,31.402,32.469,30.776
01-03-2025 06:00:00,30.661,31.656,29.879
01-03-2025 07:00:00,30.716,31.716,29.945
01-03-2025 08:00:00,32.094,33.097,30.685
01-03-2025 09:00:00,33.182,35.269,32.511
01-03-2025 10:00:00,33.394,36.334,33.384
01-03-2025 11:00:00,34.711,38.269,35.602
01-03-2025 12:00:00,35.885,38.728,36.745
01-03-2025 13:00:00,36.482,38.587,37.968
01-03-2025 14:00:00,37.238,39.171,37.978
01-03-2025 15:00:00,36.742,38.564,36.854
01-03-2025 16:00:00,34.212,36.18,34.367
01-03-2025 17:00:00,31.81,33.733,31.691
01-03-2025 18:00:00,31.395,32.569,30.453
01-03-2025 19:00:00,31.813,31.947,29.818
01-03-2025 20:00:00,30.796,31.381,29.355
01-03-2025 21:00:00,29.944,30.248,28.385
01-03-2025 22:00:00,28.626,29.568,27.697
01-03-2025 23:00:00,28.189,29.191,27.456
01-04-2025 00:00:00,28.028,29.109,27.555
01-04-2025 01:00:00,28.164,29.322,27.611
01-04-2025 02:00:00,29.063,30.307,28.69
01-04-2025 03:00:00,29.355,30.765,29.257
01-04-2025 04:00:00,28.896,30.344,28.716
01-04-2025 05:00:00,28.188,29.508,27.92
01-04-2025 06:00:00,28.035,29.285,27.839
01-04-2025 07:00:00,28.05,29.229,27.741
01-04-2025 08:00:00,29.206,30.597,29.097
01-04-2025 09:00:00,30.35,31.897,30.69
01-04-2025 10:00:00,31.194,32.814,31.448
01-04-2025 11:00:00,30.866,32.762,31.356
01-04-2025 12:00:00,31.096,33.161,31.64
01-04-2025 13:00:00,31.189,33.042,31.93
01-04-2025 14:00:00,31.233,32.901,31.798
01-04-2025 15:00:00,30.906,32.337,31.06
01-04-2025 16:00:00,30.308,31.277,29.776
01-04-2025 17:00:00,29.735,30.891,29.394
01-04-2025 18:00:00,28.648,29.915,28.429
01-04-2025 19:00:00,28.332,29.657,28.14
01-04-2025 20:00:00,27.639,28.961,27.541
01-04-2025 21:00:00,26.863,28.259,26.847
01-04-2025 22:00:00,26.638,28.025,26.531
01-04-2025 23:00:00,25.978,27.265,25.748
01-05-2025 00:00:00,25.924,27.347,25.882
01-05-2025 01:00:00,26.058,27.635,26.093
01-05-2025 02:00:00,26.12,27.708,26.166
01-05-2025 03:00:00,26.132,27.644,26.077
01-05-2025 04:00:00,25.487,26.801,25.158
01-05-2025 05:00:00,25.335,26.629,24.956
01-05-2025 06:00:00,25.233,26.547,24.937
01-05-2025 07:00:00,24.867,26.084,24.531
01-05-2025 08:00:00,26.184,27.648,25.552
01-05-2025 09:00:00,28.064,29.647,27.623
01-05-2025 10:00:00,28.611,31.376,28.979
01-05-2025 11:00:00,29.86,32.651,30.526
01-05-2025 12:00:00,30.807,33.491,32.102
01-05-2025 13:00:00,31.682,33.603,33.169
01-05-2025 14:00:00,32.05,33.883,33.174
01-05-2025 15:00:00,31.905,33.392,32.189
01-05-2025 16:00:00,30.749,32.108,30.59
01-05-2025 17:00:00,29.59,30.782,29.088
01-05-2025 18:00:00,28.697,29.758,28.27
01-05-2025 19:00:00,27.929,28.874,27.089
01-05-2025 20:00:00,27.16,28.288,26.683
01-05-2025 21:00:00,26.93,28.24,26.49
01-05-2025 22:00:00,26.578,27.921,26.052
01-05-2025 23:00:00,26.515,27.931,26.164
01-06-2025 00:00:00,26.646,28.124,26.244
01-06-2025 01:00:00,26.763,28.297,26.201
01-06-2025 02:00:00,26.557,28.16,26.175
01-06-2025 03:00:00,26.324,27.734,25.493
01-06-2025 04:00:00,26.034,27.575,25.345
01-06-2025 05:00:00,26.168,27.933,25.92
01-06-2025 06:00:00,26.62,28.324,26.364
01-06-2025 07:00:00,26.847,28.762,26.565
01-06-2025 08:00:00,26.193,27.536,25.601
01-06-2025 09:00:00,26.473,27.7,25.581
01-06-2025 10:00:00,26.259,27.748,26.089
01-06-2025 11:00:00,26.729,28.119,26.154
01-06-2025 12:00:00,27.575,28.7,27.13
01-06-2025 13:00:00,28.016,29.669,28.36
01-06-2025 14:00:00,28.639,30.324,29.18
01-06-2025 15:00:00,29.008,30.809,29.202
01-06-2025 16:00:00,29.324,30.872,29.245
01-06-2025 17:00:00,29.431,31.092,29.268
01-06-2025 18:00:00,29.511,31.2,29.274
01-06-2025 19:00:00,29.321,31.006,29.343
01-06-2025 20:00:00,28.393,30.35,28.8
01-06-2025 21:00:00,26.873,29.314,27.791
01-06-2025 22:00:00,25.513,27.702,26.098
01-06-2025 23:00:00,23.473,25.283,23.551
01-07-2025 00:00:00,20.146,21.702,19.993
01-07-2025 01:00:00,18.435,19.835,18.104
01-07-2025 02:00:00,18.703,20.268,18.632
01-07-2025 03:00:00,19.642,21.172,19.53
01-07-2025 04:00:00,20.675,22.205,20.544
01-07-2025 05:00:00,21.335,22.905,21.242
01-07-2025 06:00:00,21.422,23.043,21.31
01-07-2025 07:00:00,21.347,22.88,21.195
01-07-2025 08:00:00,22.54,24.047,22.104
01-07-2025 09:00:00,24.501,25.588,23.732
01-07-2025 10:00:00,26.087,27.456,25.85
01-07-2025 11:00:00,28.282,29.68,28.418
01-07-2025 12:00:00,30.724,31.94,31.101
01-07-2025 13:00:00,32.689,33.408,33.391
01-07-2025 14:00:00,33.755,34.565,34.109
01-07-2025 15:00:00,33.074,34.288,33.366
01-07-2025 16:00:00,31.747,32.949,31.725
01-07-2025 17:00:00,30.359,31.838,30.478
01-07-2025 18:00:00,29.051,30.486,29.169
01-07-2025 19:00:00,28.265,29.487,28.213
01-07-2025 20:00:00,27.25,28.488,27.216
01-07-2025 21:00:00,26.547,27.795,26.536
01-07-2025 22:00:00,25.846,27.07,25.804
01-07-2025 23:00:00,25.221,26.477,25.196
01-08-2025 00:00:00,24.632,25.85,24.512
01-08-2025 01:00:00,24.273,25.532,24.209
01-08-2025 02:00:00,24.09,25.358,24.017
01-08-2025 03:00:00,24.045,25.311,23.965
01-08-2025 04:00:00,24.181,25.484,24.166
01-08-2025 05:00:00,23.758,25.068,23.656
01-08-2025 06:00:00,23.16,24.51,23.052
01-08-2025 07:00:00,22.853,24.096,22.658
01-08-2025 08:00:00,24.088,25.372,23.594
01-08-2025 09:00:00,25.786,27.224,25.338
01-08-2025 10:00:00,27.767,29.141,27.401
01-08-2025 11:00:00,29.14,30.163,28.704
01-08-2025 12:00:00,29.405,30.538,29.584
01-08-2025 13:00:00,29.608,30.453,29.942
01-08-2025 14:00:00,30.22,31.005,30.499
01-08-2025 15:00:00,29.383,30.53,29.565
01-08-2025 16:00:00,27.717,28.842,27.621
01-08-2025 17:00:00,26.211,27.394,26.138
01-08-2025 18:00:00,24.591,25.743,24.436
01-08-2025 19:00:00,23.492,24.654,23.346
01-08-2025 20:00:00,22.476,23.708,22.345
01-08-2025 21:00:00,21.852,23.072,21.683
01-08-2025 22:00:00,21.18,22.35,20.905
01-08-2025 23:00:00,20.248,21.478,20.015
01-09-2025 00:00:00,20.004,21.238,19.803
01-09-2025 01:00:00,19.875,21.149,19.758
01-09-2025 02:00:00,19.703,20.981,19.58
01-09-2025 03:00:00,19.853,21.163,19.739
01-09-2025 04:00:00,20.134,21.47,19.977
01-09-2025 05:00:00,20.316,21.677,20.203
01-09-2025 06:00:00,20.391,21.847,20.255
01-09-2025 07:00:00,20.465,21.82,20.358
01-09-2025 08:00:00,22.043,23.426,21.55
01-09-2025 09:00:00,24.147,25.685,23.496
01-09-2025 10:00:00,26.315,28.076,25.932
01-09-2025 11:00:00,28.738,30.557,28.727
01-09-2025 12:00:00,31.156,32.643,31.444
01-09-2025 13:00:00,32.457,33.786,33.034
01-09-2025 14:00:00,33.454,34.544,34.024
01-09-2025 15:00:00,33.562,34.632,33.747
01-09-2025 16:00:00,32.501,33.559,32.353
01-09-2025 17:00:00,31.445,32.776,31.516
01-09-2025 18:00:00,30.53,31.801,30.579
01-09-2025 19:00:00,29.336,30.614,29.362
01-09-2025 20:00:00,28.466,29.755,28.525
01-09-2025 21:00:00,27.64,28.871,27.573
01-09-2025 22:00:00,26.902,28.079,26.698
01-09-2025 23:00:00,26.272,27.496,26.161
01-10-2025 00:00:00,25.51,26.735,25.42
01-10-2025 01:00:00,24.84,26.067,24.794
01-10-2025 02:00:00,24.623,25.89,24.552
01-10-2025 03:00:00,24.299,25.484,24.041
01-10-2025 04:00:00,23.933,25.11,23.682
01-10-2025 05:00:00,23.867,25.145,23.76
01-10-2025 06:00:00,23.743,24.851,23.305
01-10-2025 07:00:00,23.832,24.924,23.511
01-10-2025 08:00:00,26.079,27.711,25.549
01-10-2025 09:00:00,29.529,30.794,28.601
01-10-2025 10:00:00,32.806,34.13,31.735
01-10-2025 11:00:00,35.305,36.984,34.9
01-10-2025 12:00:00,37.031,38.863,37.394
01-10-2025 13:00:00,37.71,39.236,38.186
01-10-2025 14:00:00,37.787,39.382,38.115
01-10-2025 15:00:00,37.49,38.963,37.792
01-10-2025 16:00:00,36.186,37.397,35.968
01-10-2025 17:00:00,34.523,35.557,33.958
01-10-2025 18:00:00,33.827,34.724,33.282
01-10-2025 19:00:00,33.062,33.829,32.263
01-10-2025 20:00:00,32.86,33.636,32.099
01-10-2025 21:00:00,32.189,33.234,31.731
01-10-2025 22:00:00,31.864,32.889,31.34
01-10-2025 23:00:00,31.322,32.51,30.916
01-11-2025 00:00:00,31.104,32.325,30.776
01-11-2025 01:00:00,30.944,32.152,30.697
01-11-2025 02:00:00,30.414,31.707,30.361
01-11-2025 03:00:00,28.579,29.801,28.368
01-11-2025 04:00:00,28.311,29.434,27.965
01-11-2025 05:00:00,27.786,28.87,27.523
01-11-2025 06:00:00,27.262,28.483,26.99
01-11-2025 07:00:00,26.965,28.188,26.594
01-11-2025 08:00:00,26.962,28.367,26.898
01-11-2025 09:00:00,27.916,29.754,27.927
01-11-2025 10:00:00,29.518,31.493,29.363
01-11-2025 11:00:00,30.522,32.769,30.763
01-11-2025 12:00:00,31.043,32.99,31.186
01-11-2025 13:00:00,32.691,34.27,32.792
01-11-2025 14:00:00,33.428,34.963,33.765
01-11-2025 15:00:00,33.531,35.155,33.84
01-11-2025 16:00:00,32.189,33.671,32.292
01-11-2025 17:00:00,30.855,32.208,30.762
01-11-2025 18:00:00,30.442,31.762,30.323
01-11-2025 19:00:00,30.315,31.643,30.226
01-11-2025 20:00:00,29.947,31.103,29.664
01-11-2025 21:00:00,29.57,30.706,29.332
01-11-2025 22:00:00,29.297,30.36,28.923
01-11-2025 23:00:00,29.1,29.967,28.624
01-12-2025 00:00:00,29.39,30.423,29.224
01-12-2025 01:00:00,29.708,30.281,29.039
01-12-2025 02:00:00,30.935,31.416,30.293
01-12-2025 03:00:00,32.476,33.547,32.278
01-12-2025 04:00:00,32.659,34.083,32.77
01-12-2025 05:00:00,32.113,33.314,32.096
01-12-2025 06:00:00,30.978,31.792,30.846
01-12-2025 07:00:00,30.971,31.23,30.273
01-12-2025 08:00:00,33.31,33.468,31.832
01-12-2025 09:00:00,35.873,37.4,35.031
01-12-2025 10:00:00,37.94,40.382,37.884
01-12-2025 11:00:00,39.515,41.982,40.102
01-12-2025 12:00:00,41.019,43.367,42.129
01-12-2025 13:00:00,42.125,43.45,43.204
01-12-2025 14:00:00,40.615,42.052,41.301
01-12-2025 15:00:00,40.043,41.286,40.045
01-12-2025 16:00:00,39.099,39.896,38.561
01-12-2025 17:00:00,37.125,37.034,35.441
01-12-2025 18:00:00,36.315,35.136,33.552
01-12-2025 19:00:00,35.529,34.482,32.692
01-12-2025 20:00:00,35.204,33.932,32.372
01-12-2025 21:00:00,35.304,34.239,33.087
01-12-2025 22:00:00,34.817,34.311,33.245
01-12-2025 23:00:00,34.946,34.693,33.629
01-13-2025 00:00:00,34.388,34.121,32.997
01-13-2025 01:00:00,33.394,32.84,31.494
01-13-2025 02:00:00,32.94,31.967,30.733
01-13-2025 03:00:00,32.372,31.874,30.532
01-13-2025 04:00:00,30.977,30.191,28.874
01-13-2025 05:00:00,29.925,30.025,27.946
01-13-2025 06:00:00,29.239,29.472,27.677
01-13-2025 07:00:00,29.171,29.434,27.495
01-13-2025 08:00:00,30.977,31.816,29.813
01-13-2025 09:00:00,32.774,33.997,32.378
01-13-2025 10:00:00,35.434,36.67,35.244
01-13-2025 11:00:00,36.754,38.449,37.037
01-13-2025 12:00:00,38.702,40.731,39.512
01-13-2025 13:00:00,39.362,41.245,39.675
01-13-2025 14:00:00,40.839,42.572,41.264
01-13-2025 15:00:00,41.556,42.908,41.682
01-13-2025 16:00:00,40.89,42.269,40.949
01-13-2025 17:00:00,39.521,40.308,39.053
01-13-2025 18:00:00,37.718,36.703,35.506
01-13-2025 19:00:00,36.378,34.257,33.583
01-13-2025 20:00:00,35.442,34.104,33.053
01-13-2025 21:00:00,34.612,33.998,33.231
01-13-2025 22:00:00,33.557,33.233,32.646
01-13-2025 23:00:00,32.611,31.734,31.01
01-14-2025 00:00:00,31.715,30.685,29.758
01-14-2025 01:00:00,31.31,31.702,30.705
01-14-2025 02:00:00,30.639,31.284,30.121
01-14-2025 03:00:00,29.396,30.302,28.954
01-14-2025 04:00:00,28.142,29.1,27.93
01-14-2025 05:00:00,27.058,28.09,26.811
01-14-2025 06:00:00,25.892,27.013,25.628
01-14-2025 07:00:00,24.746,25.888,24.516
01-14-2025 08:00:00,25.198,26.536,24.715
01-14-2025 09:00:00,26.451,27.937,25.968
01-14-2025 10:00:00,27.657,29.979,27.55
01-14-2025 11:00:00,28.944,31.511,28.924
01-14-2025 12:00:00,29.887,31.945,30.181
01-14-2025 13:00:00,30.577,32.451,31.703
01-14-2025 14:00:00,30.576,31.987,31.118
01-14-2025 15:00:00,30.201,31.522,30.461
01-14-2025 16:00:00,29.432,30.622,29.255
01-14-2025 17:00:00,28.943,30.178,28.744
01-14-2025 18:00:00,28.453,29.666,28.204
01-14-2025 19:00:00,27.938,29.276,27.927
01-14-2025 20:00:00,27.218,28.638,27.239
01-14-2025 21:00:00,25.694,27.099,25.685
01-14-2025 22:00:00,23.886,25.158,23.719
01-14-2025 23:00:00,22.524,23.822,22.365
01-15-2025 00:00:00,21.522,22.789,21.301
01-15-2025 01:00:00,20.915,22.134,20.548
01-15-2025 02:00:00,20.386,21.61,20.118
01-15-2025 03:00:00,20.045,21.295,19.837
01-15-2025 04:00:00,20.073,21.34,19.881
01-15-2025 05:00:00,20.257,21.537,20.048
01-15-2025 06:00:00,20.421,21.774,20.27
01-15-2025 07:00:00,20.721,22.093,20.628
01-15-2025 08:00:00,22.576,24.167,22.06
01-15-2025 09:00:00,25.747,27.759,25.039
01-15-2025 10:00:00,27.612,30.067,27.208
01-15-2025 11:00:00,29.242,31.812,29.296
01-15-2025 12:00:00,30.569,32.86,30.7
01-15-2025 13:00:00,31.241,33.062,32.023
01-15-2025 14:00:00,31.578,33.026,32.399
01-15-2025 15:00:00,31.399,33.019,31.776
01-15-2025 16:00:00,30.536,31.858,30.492
01-15-2025 17:00:00,29.355,30.808,29.323
01-15-2025 18:00:00,28.504,29.885,28.411
01-15-2025 19:00:00,27.789,28.892,27.32
01-15-2025 20:00:00,28.098,29.153,27.408
01-15-2025 21:00:00,27.905,29.029,27.294
01-15-2025 22:00:00,27.214,28.342,26.539
01-15-2025 23:00:00,26.687,28.003,26.429
01-16-2025 00:00:00,24.916,26.074,24.534
01-16-2025 01:00:00,23.63,24.758,23.14
01-16-2025 02:00:00,22.519,23.59,21.862
01-16-2025 03:00:00,21.506,22.24,20.311
01-16-2025 04:00:00,20.926,21.457,19.386
01-16-2025 05:00:00,19.934,19.314,17.147
01-16-2025 06:00:00,19.143,18.523,15.858
01-16-2025 07:00:00,18.788,18.833,16.069
01-16-2025 08:00:00,20.923,21.778,18.853
01-16-2025 09:00:00,23.973,25.376,23.079
01-16-2025 10:00:00,24.894,26.92,24.81
01-16-2025 11:00:00,26.89,28.897,27.186
01-16-2025 12:00:00,28.652,31.057,29.933
01-16-2025 13:00:00,28.638,30.597,29.553
01-16-2025 14:00:00,28.248,30.433,29.479
01-16-2025 15:00:00,28.365,30.527,29.512
01-16-2025 16:00:00,27.634,29.403,28.143
01-16-2025 17:00:00,26.763,28.717,26.795
01-16-2025 18:00:00,26.463,28.129,26.308
01-16-2025 19:00:00,26.314,28.039,26.119
01-16-2025 20:00:00,26.214,27.893,25.892
01-16-2025 21:00:00,25.979,27.594,25.585
01-16-2025 22:00:00,25.604,27.296,25.28
01-16-2025 23:00:00,25.287,26.747,24.808
01-17-2025 00:00:00,25.098,26.48,24.501
01-17-2025 01:00:00,24.985,26.405,24.486
01-17-2025 02:00:00,24.347,25.466,23.873
01-17-2025 03:00:00,23.808,24.677,23.063
01-17-2025 04:00:00,23.253,23.158,21.993
01-17-2025 05:00:00,22.817,22.171,20.719
01-17-2025 06:00:00,22.808,21.667,20.468
01-17-2025 07:00:00,22.783,21.605,20.418
01-17-2025 08:00:00,25.945,25.956,24.169
01-17-2025 09:00:00,29.985,31.728,29.013
01-17-2025 10:00:00,33.27,36.324,32.809
01-17-2025 11:00:00,36.924,39.957,37.625
01-17-2025 12:00:00,40.003,42.803,41.599
01-17-2025 13:00:00,41.189,43.243,42.547
01-17-2025 14:00:00,40.998,42.94,41.582
01-17-2025 15:00:00,41.2,42.868,41.625
01-17-2025 16:00:00,39.957,41.177,39.704
01-17-2025 17:00:00,37.2,36.955,35.403
01-17-2025 18:00:00,35.821,34.106,32.248
01-17-2025 19:00:00,35.873,32.088,30.655
01-17-2025 20:00:00,34.175,30.891,29.18
01-17-2025 21:00:00,33.109,30.916,29.141
01-17-2025 22:00:00,31.798,29.847,28.675
01-17-2025 23:00:00,30.783,28.836,27.451
01-18-2025 00:00:00,30.347,28.34,27.115
01-18-2025 01:00:00,30.36,28.759,27.22
01-18-2025 02:00:00,30.218,28.785,27.441
01-18-2025 03:00:00,30.231,28.246,27.463
01-18-2025 04:00:00,29.818,28.074,27.408
01-18-2025 05:00:00,30.086,28.701,28.031
01-18-2025 06:00:00,31.047,30.029,28.973
01-18-2025 07:00:00,32.119,31.472,30.04
01-18-2025 08:00:00,33.41,32.206,31.261
01-18-2025 09:00:00,35.73,35.06,34.515
01-18-2025 10:00:00,38.312,38.323,37.492
01-18-2025 11:00:00,41.122,41.453,40.856
01-18-2025 12:00:00,42.606,43.491,42.865
01-18-2025 13:00:00,42.817,43.578,42.624
01-18-2025 14:00:00,41.191,42.624,41.227
01-18-2025 15:00:00,40.358,41.658,39.975
01-18-2025 16:00:00,40.443,41.565,40.007
01-18-2025 17:00:00,40.19,40.496,38.823
01-18-2025 18:00:00,39.262,40.073,38.789
01-18-2025 19:00:00,40.302,39.722,38.602
01-18-2025 20:00:00,39.073,39.518,38.311
01-18-2025 21:00:00,37.771,37.589,36.392
01-18-2025 22:00:00,35.465,35.315,34.218
01-18-2025 23:00:00,34.256,33.592,32.526
01-19-2025 00:00:00,33.879,32.828,31.486
01-19-2025 01:00:00,33.988,32.743,31.362
01-19-2025 02:00:00,35.215,33.431,32.662
01-19-2025 03:00:00,35.488,35.557,34.896
01-19-2025 04:00:00,34.948,33.741,32.997
01-19-2025 05:00:00,33.577,32.49,31.508
01-19-2025 06:00:00,33.998,32.798,31.745
01-19-2025 07:00:00,35.727,33.105,32.483
01-19-2025 08:00:00,36.468,35.794,35.124
01-19-2025 09:00:00,36.399,37.445,36.157
01-19-2025 10:00:00,36.658,37.964,36.675
01-19-2025 11:00:00,36.664,38.064,36.866
01-19-2025 12:00:00,36.061,37.29,35.99
01-19-2025 13:00:00,34.155,35.24,33.643
01-19-2025 14:00:00,32.76,33.948,32.496
01-19-2025 15:00:00,32.071,33.326,31.937
01-19-2025 16:00:00,31.583,32.825,31.437
01-19-2025 17:00:00,30.084,31.415,29.754
01-19-2025 18:00:00,29.315,30.672,28.989
01-19-2025 19:00:00,28.079,29.522,27.889
01-19-2025 20:00:00,27.13,28.703,26.934
01-19-2025 21:00:00,25.215,27.48,25.657
01-19-2025 22:00:00,23.646,25.791,24.061
01-19-2025 23:00:00,21.893,23.875,22.291
01-20-2025 00:00:00,20.938,22.639,21.027
01-20-2025 01:00:00,19.296,20.881,19.127
01-20-2025 02:00:00,18.454,19.915,18.223
01-20-2025 03:00:00,17.664,19.025,17.359
01-20-2025 04:00:00,17.102,18.405,16.773
01-20-2025 05:00:00,16.551,17.789,16.111
01-20-2025 06:00:00,16.005,17.155,15.265
01-20-2025 07:00:00,15.746,15.618,14.343
01-20-2025 08:00:00,18.827,18.651,16.024
01-20-2025 09:00:00,21.739,22.769,19.462
01-20-2025 10:00:00,22.644,25.526,22.18
01-20-2025 11:00:00,23.946,26.898,24.729
01-20-2025 12:00:00,24.147,26.261,24.83
01-20-2025 13:00:00,24.043,26.04,25.123
01-20-2025 14:00:00,23.603,25.143,23.898
01-20-2025 15:00:00,22.902,24.46,22.84
01-20-2025 16:00:00,21.083,22.514,20.728
01-20-2025 17:00:00,19.344,20.835,18.712
01-20-2025 18:00:00,18.005,19.546,17.136
01-20-2025 19:00:00,16.777,18.17,15.731
01-20-2025 20:00:00,15.619,16.801,14.627
01-20-2025 21:00:00,14.843,16.19,13.979
01-20-2025 22:00:00,13.817,15.046,12.555
01-20-2025 23:00:00,12.851,13.774,11.361
01-21-2025 00:00:00,12.02,13.312,10.698
01-21-2025 01:00:00,11.199,12.459,10.113
01-21-2025 02:00:00,10.523,11.533,9.174
01-21-2025 03:00:00,9.871,10.417,8.206
01-21-2025 04:00:00,8.601,8.737,5.896
01-21-2025 05:00:00,7.71,7.947,4.768
01-21-2025 06:00:00,7.456,8.029,4.716
01-21-2025 07:00:00,7.272,8.151,4.637
01-21-2025 08:00:00,8.083,9.094,5.679
01-21-2025 09:00:00,11.045,12.91,10.431
01-21-2025 10:00:00,13.451,15.48,13.29
01-21-2025 11:00:00,15.057,17.472,15.246
01-21-2025 12:00:00,16.595,19.225,17.481
01-21-2025 13:00:00,17.699,20.154,18.654
01-21-2025 14:00:00,17.532,19.83,17.986
01-21-2025 15:00:00,16.881,19.191,17.193
01-21-2025 16:00:00,16.526,18.677,16.46
01-21-2025 17:00:00,16.071,18.23,15.888
01-21-2025 18:00:00,15.732,17.759,15.461
01-21-2025 19:00:00,15.471,17.336,15.105
01-21-2025 20:00:00,14.993,16.99,14.724
01-21-2025 21:00:00,14.496,16.335,14.245
01-21-2025 22:00:00,14.051,15.847,13.691
01-21-2025 23:00:00,13.445,15.3,12.881
01-22-2025 00:00:00,12.933,14.749,12.277
01-22-2025 01:00:00,12.252,14.05,11.503
01-22-2025 02:00:00,11.171,12.776,10.367
01-22-2025 03:00:00,10.127,11.146,9.3
01-22-2025 04:00:00,9.727,11.271,9.351
01-22-2025 05:00:00,8.936,10.492,8.787
01-22-2025 06:00:00,8.392,9.362,7.36
01-22-2025 07:00:00,7.957,9.221,6.03
01-22-2025 08:00:00,9.339,11.029,8.323
01-22-2025 09:00:00,11.697,13.425,10.089
01-22-2025 10:00:00,14.254,16.54,13.164
01-22-2025 11:00:00,16.458,19.75,16.37
01-22-2025 12:00:00,18.784,21.51,20.236
01-22-2025 13:00:00,19.851,21.408,22.09
01-22-2025 14:00:00,19.878,21.402,22.461
01-22-2025 15:00:00,19.974,21.185,20.5
01-22-2025 16:00:00,18.544,20.204,17.956
01-22-2025 17:00:00,16.762,18.481,15.781
01-22-2025 18:00:00,16.294,17.847,14.612
01-22-2025 19:00:00,15.483,16.749,13.716
01-22-2025 20:00:00,14.687,15.678,12.424
01-22-2025 21:00:00,13.444,14.146,10.833
01-22-2025 22:00:00,12.6,12.92,9.347
01-22-2025 23:00:00,11.305,11.658,8.106
01-23-2025 00:00:00,11.043,11.103,7.48
01-23-2025 01:00:00,10.326,9.899,6.598
01-23-2025 02:00:00,9.77,9.884,6.369
01-23-2025 03:00:00,10.057,10.268,6.582
01-23-2025 04:00:00,10.206,11.061,7.531
01-23-2025 05:00:00,10.204,11.365,8.097
01-23-2025 06:00:00,9.407,10.688,7.107
01-23-2025 07:00:00,9.416,10.666,6.859
01-23-2025 08:00:00,14.499,15.594,11.383
01-23-2025 09:00:00,20.018,21.977,18.388
01-23-2025 10:00:00,22.833,25.734,21.96
01-23-2025 11:00:00,25.38,27.927,25.409
01-23-2025 12:00:00,26.367,28.442,27.346
01-23-2025 13:00:00,27.861,29.001,29.508
01-23-2025 14:00:00,28.051,29.222,29.352
01-23-2025 15:00:00,27.809,29.301,28.531
01-23-2025 16:00:00,27.226,28.696,26.965
01-23-2025 17:00:00,25.217,26.853,24.157
01-23-2025 18:00:00,23.636,24.864,22.034
01-23-2025 19:00:00,22.698,23.414,20.863
01-23-2025 20:00:00,21.732,21.714,19.179
01-23-2025 21:00:00,21.07,20.642,18.725
01-23-2025 22:00:00,20.216,19.581,16.97
01-23-2025 23:00:00,19.252,18.251,15.062
01-24-2025 00:00:00,18.299,16.743,13.785
01-24-2025 01:00:00,17.383,15.957,12.546
01-24-2025 02:00:00,17.42,16.375,14.271
01-24-2025 03:00:00,18.101,18.078,16.807
01-24-2025 04:00:00,18.893,19.95,18.534
01-24-2025 05:00:00,17.873,17.883,16.011
01-24-2025 06:00:00,18.105,17.058,15.005
01-24-2025 07:00:00,18.913,18.21,15.986
01-24-2025 08:00:00,21.578,20.67,17.351
01-24-2025 09:00:00,27.076,27.585,25.035
01-24-2025 10:00:00,28.952,31.1,29.194
01-24-2025 11:00:00,29.702,32.246,30.699
01-24-2025 12:00:00,30.615,32.806,32.348
01-24-2025 13:00:00,31.515,32.772,33.306
01-24-2025 14:00:00,32.105,33.019,33.806
01-24-2025 15:00:00,31.791,32.903,32.425
01-24-2025 16:00:00,30.891,32.023,30.592
01-24-2025 17:00:00,29.046,30.118,28.19
01-24-2025 18:00:00,27.699,28.332,26.445
01-24-2025 19:00:00,26.659,27.016,25.568
01-24-2025 20:00:00,26.079,26.213,24.773
01-24-2025 21:00:00,25.245,25.243,24.498
01-24-2025 22:00:00,24.69,22.88,21.82
01-24-2025 23:00:00,22.807,20.081,17.479
01-25-2025 00:00:00,20.569,18.268,16.111
01-25-2025 01:00:00,20.73,18.855,17.063
01-25-2025 02:00:00,20.156,20.063,18.919
01-25-2025 03:00:00,19.378,19.687,18.493
01-25-2025 04:00:00,18.695,19.072,17.546
01-25-2025 05:00:00,17.442,16.554,15.193
01-25-2025 06:00:00,17.145,16.028,13.515
01-25-2025 07:00:00,16.974,15.476,12.37
01-25-2025 08:00:00,20.598,19.727,17.179
01-25-2025 09:00:00,24.374,24.916,23.217
01-25-2025 10:00:00,26.967,28.293,27.28
01-25-2025 11:00:00,28.322,30.378,30.061
01-25-2025 12:00:00,29.649,31.279,31.706
01-25-2025 13:00:00,30.684,32.023,32.814
01-25-2025 14:00:00,32.246,33.328,33.569
01-25-2025 15:00:00,32.487,33.559,32.943
01-25-2025 16:00:00,31.669,32.955,31.559
01-25-2025 17:00:00,31.203,32.469,30.691
01-25-2025 18:00:00,30.942,32.078,30.281
01-25-2025 19:00:00,30.633,31.551,29.982
01-25-2025 20:00:00,30.391,31.404,29.732
01-25-2025 21:00:00,30.425,31.54,30.016
01-25-2025 22:00:00,30.083,31.236,29.606
01-25-2025 23:00:00,29.205,30.243,28.433
01-26-2025 00:00:00,28.437,28.784,26.883
01-26-2025 01:00:00,28.413,28.414,26.543
01-26-2025 02:00:00,28.328,28.061,26.316
01-26-2025 03:00:00,28.061,27.912,26.345
01-26-2025 04:00:00,28.484,28.441,27.281
01-26-2025 05:00:00,29.08,29.155,27.99
01-26-2025 06:00:00,29.754,30.219,29.065
01-26-2025 07:00:00,29.815,30.4,29.061
01-26-2025 08:00:00,31.273,31.047,30.363
01-26-2025 09:00:00,33.323,33.776,33.549
01-26-2025 10:00:00,36.235,37.017,37.058
01-26-2025 11:00:00,37.169,38.102,38.471
01-26-2025 12:00:00,38.651,39.235,39.986
01-26-2025 13:00:00,41.101,41.482,42.655
01-26-2025 14:00:00,41.741,42.287,42.733
01-26-2025 15:00:00,41.531,42.069,41.93
01-26-2025 16:00:00,40.115,40.625,40.006
01-26-2025 17:00:00,38.291,38.384,37.481
01-26-2025 18:00:00,36.448,34.586,33.854
01-26-2025 19:00:00,34.709,31.994,31.082
01-26-2025 20:00:00,32.655,30.251,29.295
01-26-2025 21:00:00,31.585,28.9,27.019
01-26-2025 22:00:00,30.989,28.552,26.816
01-26-2025 23:00:00,30.803,27.571,25.98
01-27-2025 00:00:00,30.899,26.934,25.974
01-27-2025 01:00:00,28.932,26.263,24.817
01-27-2025 02:00:00,29.455,27.568,26.71
01-27-2025 03:00:00,29.458,27.767,26.242
01-27-2025 04:00:00,29.291,27.432,25.773
01-27-2025 05:00:00,28.313,26.16,24.532
01-27-2025 06:00:00,28.963,28.338,27.414
01-27-2025 07:00:00,29.235,29.674,28.482
01-27-2025 08:00:00,31.173,31.894,29.959
01-27-2025 09:00:00,34.21,35.493,33.05
01-27-2025 10:00:00,35.48,37.319,35.784
01-27-2025 11:00:00,37.125,38.607,38.06
01-27-2025 12:00:00,39.026,40.25,40.607
01-27-2025 13:00:00,40.567,41.286,41.898
01-27-2025 14:00:00,41.352,41.852,42.633
01-27-2025 15:00:00,41.901,42.272,42.426
01-27-2025 16:00:00,41.515,41.307,40.913
01-27-2025 17:00:00,39.451,38.076,37.953
01-27-2025 18:00:00,37.68,34.8,34.535
01-27-2025 19:00:00,36.584,34.311,34.657
01-27-2025 20:00:00,35.935,35.905,34.776
01-27-2025 21:00:00,35.039,35.326,33.987
01-27-2025 22:00:00,34.709,34.883,33.382
01-27-2025 23:00:00,35.085,35.241,34.029
01-28-2025 00:00:00,34.549,34.585,33.361
01-28-2025 01:00:00,33.851,32.772,32.035
01-28-2025 02:00:00,33.114,32.313,31.465
01-28-2025 03:00:00,32.862,32.564,31.821
01-28-2025 04:00:00,34.082,33.26,32.335
01-28-2025 05:00:00,35.883,36.414,35.465
01-28-2025 06:00:00,36.61,37.437,36.454
01-28-2025 07:00:00,36.955,37.661,36.621
01-28-2025 08:00:00,37.643,38.538,37.511
01-28-2025 09:00:00,39.968,41.119,39.826
01-28-2025 10:00:00,41.607,42.832,41.298
01-28-2025 11:00:00,41.507,42.776,41.525
01-28-2025 12:00:00,40.997,42.428,41.145
01-28-2025 13:00:00,41.988,43.231,42.839
01-28-2025 14:00:00,42.082,42.934,42.607
01-28-2025 15:00:00,41.812,42.79,42.264
01-28-2025 16:00:00,40.51,41.058,40.126
01-28-2025 17:00:00,38.69,39.033,38.004
01-28-2025 18:00:00,37.638,36.71,36.016
01-28-2025 19:00:00,35.958,33.632,33.279
01-28-2025 20:00:00,34.837,32.309,31.789
01-28-2025 21:00:00,34.357,31.847,31.363
01-28-2025 22:00:00,33.203,30.318,29.971
01-28-2025 23:00:00,33.087,30.429,30.24
01-29-2025 00:00:00,33.337,31.416,30.819
01-29-2025 01:00:00,34.477,34.172,33.197
01-29-2025 02:00:00,34.548,34.336,33.348
01-29-2025 03:00:00,34.204,32.745,32.554
01-29-2025 04:00:00,34.081,32.247,31.99
01-29-2025 05:00:00,33.736,32.368,31.361
01-29-2025 06:00:00,33.633,32.261,31.465
01-29-2025 07:00:00,34.472,33.042,32.11
01-29-2025 08:00:00,37.953,37.887,35.984
01-29-2025 09:00:00,43.867,45.276,43.03
01-29-2025 10:00:00,48.69,51.167,48.718
01-29-2025 11:00:00,50.379,52.662,50.694
01-29-2025 12:00:00,50.567,52.288,50.836
01-29-2025 13:00:00,51.235,52.886,51.925
01-29-2025 14:00:00,50.317,51.502,50.87
01-29-2025 15:00:00,49.076,50.141,49.206
01-29-2025 16:00:00,47.855,48.812,47.797
01-29-2025 17:00:00,44.638,45.703,44.562
01-29-2025 18:00:00,42.759,43.694,42.609
01-29-2025 19:00:00,41.569,42.527,41.516
01-29-2025 20:00:00,40.597,41.582,40.527
01-29-2025 21:00:00,39.229,40.221,39.202
01-29-2025 22:00:00,37.417,38.462,37.322
01-29-2025 23:00:00,36.061,37.04,35.955
01-30-2025 00:00:00,34.609,35.52,34.397
01-30-2025 01:00:00,33.124,34.104,32.872
01-30-2025 02:00:00,31.529,32.529,31.268
01-30-2025 03:00:00,30.144,31.048,29.795
01-30-2025 04:00:00,29.531,29.937,28.722
01-30-2025 05:00:00,28.278,29.07,27.774
01-30-2025 06:00:00,27.663,28.341,26.895
01-30-2025 07:00:00,27.627,27.995,26.533
01-30-2025 08:00:00,29.088,30.271,27.991
01-30-2025 09:00:00,31.635,32.825,29.935
01-30-2025 10:00:00,33.395,35.404,32.345
01-30-2025 11:00:00,34.597,37.106,34.374
01-30-2025 12:00:00,36.926,39.132,37.483
01-30-2025 13:00:00,38.109,39.442,39.356
01-30-2025 14:00:00,38.644,39.636,40.092
01-30-2025 15:00:00,38.631,40.2,39.615
01-30-2025 16:00:00,38.041,39.075,37.885
01-30-2025 17:00:00,36.79,36.835,35.819
01-30-2025 18:00:00,35.173,34.61,33.404
01-30-2025 19:00:00,34.422,33.421,32.148
01-30-2025 20:00:00,34.019,33.318,32.35
01-30-2025 21:00:00,33.507,32.917,32.142
01-30-2025 22:00:00,33.042,32.41,31.774
01-30-2025 23:00:00,33.339,32.766,32.016
01-31-2025 00:00:00,33.684,33.25,32.82
01-31-2025 01:00:00,34.121,33.943,33.247
01-31-2025 02:00:00,34.841,34.556,33.974
01-31-2025 03:00:00,35.949,36.481,35.218
01-31-2025 04:00:00,36.975,37.781,36.457
01-31-2025 05:00:00,37.771,38.182,37.145
01-31-2025 06:00:00,38.163,38.286,37.226
01-31-2025 07:00:00,37.81,38.303,37.019
01-31-2025 08:00:00,38.663,39.368,37.984
01-31-2025 09:00:00,40.67,41.421,40.204
01-31-2025 10:00:00,42.083,43.137,41.791
01-31-2025 11:00:00,44.031,45.562,44.153
01-31-2025 12:00:00,44.873,46.186,44.752
01-31-2025 13:00:00,45.142,46.402,44.858
01-31-2025 14:00:00,45.156,46.413,44.815
01-31-2025 15:00:00,44.795,46.045,44.717
01-31-2025 16:00:00,44.98,46.074,44.845
01-31-2025 17:00:00,44.964,45.762,44.6
01-31-2025 18:00:00,45.645,46.407,45.297
01-31-2025 19:00:00,47.293,48.066,47.081
01-31-2025 20:00:00,47.786,48.567,47.669
01-31-2025 21:00:00,47.845,48.139,47.39
01-31-2025 22:00:00,48.598,49.056,48.374
01-31-2025 23:00:00,48.642,49.118,48.41
02-01-2025 00:00:00,48.978,48.997,48.425
02-01-2025 01:00:00,48.951,48.895,48.53
02-01-2025 02:00:00,48.51,48.7,48.133
02-01-2025 03:00:00,47.064,47.737,47.003
02-01-2025 04:00:00,44.354,45.25,44.24
02-01-2025 05:00:00,42.134,43.132,41.897
02-01-2025 06:00:00,40.895,41.835,40.725
02-01-2025 07:00:00,37.815,38.786,37.596
02-01-2025 08:00:00,36.096,36.646,35.081
02-01-2025 09:00:00,36.357,37.145,35.106
02-01-2025 10:00:00,36.797,38.188,35.948
02-01-2025 11:00:00,36.746,38.465,36.311
02-01-2025 12:00:00,37.236,39.053,37.395
02-01-2025 13:00:00,37.674,38.968,37.925
02-01-2025 14:00:00,37.457,38.161,37.887
02-01-2025 15:00:00,36.603,37.133,36.456
02-01-2025 16:00:00,34.699,35.158,33.919
02-01-2025 17:00:00,31.901,32.49,30.995
02-01-2025 18:00:00,29.911,30.613,29.133
02-01-2025 19:00:00,28.765,29.165,27.694
02-01-2025 20:00:00,26.982,27.802,26.204
02-01-2025 21:00:00,25.425,26.306,24.801
02-01-2025 22:00:00,23.782,24.855,23.41
02-01-2025 23:00:00,22.637,23.595,22.052
02-02-2025 00:00:00,21.09,22.12,20.728
02-02-2025 01:00:00,20.315,21.346,19.88
02-02-2025 02:00:00,19.775,20.858,19.315
02-02-2025 03:00:00,19.047,20.263,18.706
02-02-2025 04:00:00,18.735,19.98,18.255
02-02-2025 05:00:00,18.574,19.715,18.026
02-02-2025 06:00:00,18.103,19.264,17.637
02-02-2025 07:00:00,18.04,19.191,17.663
02-02-2025 08:00:00,19.296,20.805,19.189
02-02-2025 09:00:00,21.645,24.065,22.513
02-02-2025 10:00:00,24.357,27.298,26.731
02-02-2025 11:00:00,26.271,29.329,29.866
02-02-2025 12:00:00,28.692,32.016,32.793
02-02-2025 13:00:00,30.289,33.06,33.017
02-02-2025 14:00:00,31.218,33.757,33.396
02-02-2025 15:00:00,31.143,33.413,32.604
02-02-2025 16:00:00,30.576,32.557,31.188
02-02-2025 17:00:00,30.87,32.483,30.96
02-02-2025 18:00:00,31.1,32.731,31.054
02-02-2025 19:00:00,31.064,32.629,30.963
02-02-2025 20:00:00,31.237,32.852,30.941
02-02-2025 21:00:00,30.822,32.584,30.875
02-02-2025 22:00:00,31.375,32.961,31.268
02-02-2025 23:00:00,31.675,33.107,31.448
02-03-2025 00:00:00,30.802,31.945,30.342
02-03-2025 01:00:00,31.004,32.078,30.318
02-03-2025 02:00:00,30.885,31.861,29.968
02-03-2025 03:00:00,29.596,29.662,27.92
02-03-2025 04:00:00,29.41,29.092,27.5
02-03-2025 05:00:00,28.865,28.074,26.147
02-03-2025 06:00:00,28.268,27.528,25.571
02-03-2025 07:00:00,28.173,27.983,25.775
02-03-2025 08:00:00,30.357,31.097,29.091
02-03-2025 09:00:00,33.257,35.223,32.798
02-03-2025 10:00:00,35.855,38.172,36.179
02-03-2025 11:00:00,41.179,42.933,42.113
02-03-2025 12:00:00,45.612,47.157,47.112
02-03-2025 13:00:00,47.118,49.091,48.726
02-03-2025 14:00:00,48.655,50.543,50.864
02-03-2025 15:00:00,50.027,51.709,51.09
02-03-2025 16:00:00,50.422,51.206,50.58
02-03-2025 17:00:00,48.86,48.197,47.674
02-03-2025 18:00:00,47.179,45.229,44.664
02-03-2025 19:00:00,46.496,44.524,43.992
02-03-2025 20:00:00,45.707,45.086,44.104
02-03-2025 21:00:00,45.39,45.733,44.705
02-03-2025 22:00:00,44.319,44.004,43.178
02-03-2025 23:00:00,43.265,41.852,41.174
02-04-2025 00:00:00,43.005,41.446,40.987
02-04-2025 01:00:00,42.747,41.462,41.086
02-04-2025 02:00:00,42.15,40.142,39.762
02-04-2025 03:00:00,42.834,40.426,40.358
02-04-2025 04:00:00,43.766,41.965,41.812
02-04-2025 05:00:00,45.833,46.577,45.92
02-04-2025 06:00:00,45.036,46.27,45.36
02-04-2025 07:00:00,43.91,45.173,44.033
02-04-2025 08:00:00,44.364,45.176,43.806
02-04-2025 09:00:00,44.968,45.216,43.836
02-04-2025 10:00:00,46.378,47.513,45.314
02-04-2025 11:00:00,46.743,48.35,46.317
02-04-2025 12:00:00,45.958,47.091,45.595
02-04-2025 13:00:00,45.729,46.564,45.311
02-04-2025 14:00:00,45.39,45.794,45.328
02-04-2025 15:00:00,44.189,44.849,44.114
02-04-2025 16:00:00,42.459,42.819,41.674
02-04-2025 17:00:00,40.008,40.649,39.47
02-04-2025 18:00:00,38.507,38.803,37.671
02-04-2025 19:00:00,37.42,37.211,36.159
02-04-2025 20:00:00,35.983,36.247,35.17
02-04-2025 21:00:00,35.006,35.258,34.113
02-04-2025 22:00:00,34.014,33.897,32.801
02-04-2025 23:00:00,33.163,32.955,32.062
02-05-2025 00:00:00,32.506,32.284,31.448
02-05-2025 01:00:00,32.412,32.331,31.291
02-05-2025 02:00:00,31.481,32.085,30.822
02-05-2025 03:00:00,30.85,31.803,30.48
02-05-2025 04:00:00,30.148,31.139,29.761
02-05-2025 05:00:00,29.754,30.614,29.256
02-05-2025 06:00:00,28.93,29.986,28.48
02-05-2025 07:00:00,28.796,29.761,28.298
02-05-2025 08:00:00,29.637,30.239,28.779
02-05-2025 09:00:00,31.348,31.999,29.87
02-05-2025 10:00:00,32.444,33.243,31.241
02-05-2025 11:00:00,34.359,35.508,33.859
02-05-2025 12:00:00,36.162,37.667,36.449
02-05-2025 13:00:00,37.061,37.811,37.48
02-05-2025 14:00:00,37.554,38.085,38.362
02-05-2025 15:00:00,37.007,37.763,37.616
02-05-2025 16:00:00,35.644,36.694,35.527
02-05-2025 17:00:00,34.538,35.381,33.907
02-05-2025 18:00:00,33.846,34.186,32.677
02-05-2025 19:00:00,32.916,32.896,31.388
02-05-2025 20:00:00,32.33,32.155,30.679
02-05-2025 21:00:00,32.399,33.276,31.909
02-05-2025 22:00:00,32.381,33.544,32.284
02-05-2025 23:00:00,32.66,33.753,32.483
02-06-2025 00:00:00,32.454,33.565,32.389
02-06-2025 01:00:00,31.483,32.731,31.426
02-06-2025 02:00:00,30.431,32.02,30.772
02-06-2025 03:00:00,29.846,31.641,30.732
02-06-2025 04:00:00,30.117,31.835,30.93
02-06-2025 05:00:00,30.784,32.337,31.457
02-06-2025 06:00:00,31.123,32.498,31.495
02-06-2025 07:00:00,31.768,32.953,31.974
02-06-2025 08:00:00,32.752,33.876,32.677
02-06-2025 09:00:00,33.278,34.27,33.02
02-06-2025 10:00:00,33.733,35.006,33.39
02-06-2025 11:00:00,34.214,35.567,33.943
02-06-2025 12:00:00,34.599,35.632,34.083
02-06-2025 13:00:00,35.054,36.313,34.622
02-06-2025 14:00:00,35.393,36.737,35.353
02-06-2025 15:00:00,35.408,36.891,35.438
02-06-2025 16:00:00,35.977,37.45,36.019
02-06-2025 17:00:00,36.17,37.626,36.205
02-06-2025 18:00:00,36.426,37.672,36.411
02-06-2025 19:00:00,36.616,37.793,36.631
02-06-2025 20:00:00,36.807,38.061,36.787
02-06-2025 21:00:00,36.953,38.193,36.96
02-06-2025 22:00:00,37.221,38.455,37.277
02-06-2025 23:00:00,37.53,38.769,37.529
02-07-2025 00:00:00,37.607,38.81,37.585
02-07-2025 01:00:00,37.619,38.865,37.623
02-07-2025 02:00:00,37.803,39.012,37.789
02-07-2025 03:00:00,37.885,39.062,37.83
02-07-2025 04:00:00,37.525,38.399,37.182
02-07-2025 05:00:00,37.914,38.23,37.315
02-07-2025 06:00:00,38.567,39.336,38.506
02-07-2025 07:00:00,38.694,39.711,38.72
02-07-2025 08:00:00,39.368,40.552,39.252
02-07-2025 09:00:00,40.371,41.956,40.433
02-07-2025 10:00:00,40.839,42.343,41.092
02-07-2025 11:00:00,41.452,42.855,41.443
02-07-2025 12:00:00,42.185,43.664,42.141
02-07-2025 13:00:00,41.823,43.209,42.137
02-07-2025 14:00:00,41.33,42.453,41.791
02-07-2025 15:00:00,40.589,41.623,40.867
02-07-2025 16:00:00,38.282,39.241,38.07
02-07-2025 17:00:00,36.638,37.433,36.205
02-07-2025 18:00:00,35.528,35.633,34.506
02-07-2025 19:00:00,35.205,34.99,33.254
02-07-2025 20:00:00,34.497,33.083,31.531
02-07-2025 21:00:00,32.961,31.379,30.233
02-07-2025 22:00:00,30.886,28.964,27.993
02-07-2025 23:00:00,30.239,28.402,27.05
02-08-2025 00:00:00,28.723,26.745,25.468
02-08-2025 01:00:00,28.276,25.829,24.814
02-08-2025 02:00:00,27.533,24.848,23.562
02-08-2025 03:00:00,26.424,24.091,22.537
02-08-2025 04:00:00,26.482,24.537,22.976
02-08-2025 05:00:00,26.789,24.704,23.223
02-08-2025 06:00:00,26.966,25.211,24.307
02-08-2025 07:00:00,27.013,26.354,25.209
02-08-2025 08:00:00,27.944,28.321,26.982
02-08-2025 09:00:00,29.337,30.282,29.147
02-08-2025 10:00:00,31.172,32.285,31.859
02-08-2025 11:00:00,33.564,35.598,35.866
02-08-2025 12:00:00,33.305,34.442,34.631
02-08-2025 13:00:00,34.449,35.501,35.516
02-08-2025 14:00:00,34.629,35.844,35.64
02-08-2025 15:00:00,34.244,35.908,35.458
02-08-2025 16:00:00,33.559,35.559,34.534
02-08-2025 17:00:00,33.421,35.251,33.798
02-08-2025 18:00:00,32.812,34.504,32.979
02-08-2025 19:00:00,32.118,33.201,31.977
02-08-2025 20:00:00,31.5,32.12,31.032
02-08-2025 21:00:00,30.189,31.339,30.385
02-08-2025 22:00:00,30.197,31.607,30.561
02-08-2025 23:00:00,31.177,32.53,31.192
02-09-2025 00:00:00,31.422,32.832,31.62
02-09-2025 01:00:00,31.845,32.973,31.854
02-09-2025 02:00:00,32.172,33.032,31.973
02-09-2025 03:00:00,32.225,33.28,32.087
02-09-2025 04:00:00,32.286,33.393,32.15
02-09-2025 05:00:00,32.443,33.587,32.254
02-09-2025 06:00:00,32.293,33.458,31.977
02-09-2025 07:00:00,32.226,33.454,31.996
02-09-2025 08:00:00,32.904,34,32.663
02-09-2025 09:00:00,33.821,34.905,33.542
02-09-2025 10:00:00,33.9,35.55,34.108
02-09-2025 11:00:00,33.158,35.061,33.634
02-09-2025 12:00:00,33.079,35.177,33.593
02-09-2025 13:00:00,33.59,35.653,34.275
02-09-2025 14:00:00,34.526,36.632,35.312
02-09-2025 15:00:00,35.24,37.277,36.252
02-09-2025 16:00:00,35.096,36.904,35.625
02-09-2025 17:00:00,34.356,35.799,34.298
02-09-2025 18:00:00,33.664,34.771,33.296
02-09-2025 19:00:00,33.578,34.518,32.775
02-09-2025 20:00:00,33.616,34.542,32.943
02-09-2025 21:00:00,33.377,34.366,32.68
02-09-2025 22:00:00,33.232,34.464,32.787
02-09-2025 23:00:00,33.038,34.077,32.418
02-10-2025 00:00:00,32.431,33.312,31.595
02-10-2025 01:00:00,32.018,33.233,31.715
02-10-2025 02:00:00,31.639,32.85,31.396
02-10-2025 03:00:00,31.413,32.613,31.189
02-10-2025 04:00:00,31.109,32.277,30.712
02-10-2025 05:00:00,30.888,31.813,30.203
02-10-2025 06:00:00,31.042,31.895,30.516
02-10-2025 07:00:00,30.261,30.816,28.959
02-10-2025 08:00:00,31.291,32.271,30.743
02-10-2025 09:00:00,33.295,34.924,33.057
02-10-2025 10:00:00,36.261,38.179,35.871
02-10-2025 11:00:00,36.624,38.701,36.79
02-10-2025 12:00:00,36.941,38.424,36.494
02-10-2025 13:00:00,38.534,40.552,39.639
02-10-2025 14:00:00,37.692,39.193,38.792
02-10-2025 15:00:00,37.7,38.787,38.38
02-10-2025 16:00:00,37.66,38.453,37.47
02-10-2025 17:00:00,36.061,36.611,35.404
02-10-2025 18:00:00,34.237,33.831,32.938
02-10-2025 19:00:00,32.848,32.641,31.913
02-10-2025 20:00:00,32.066,32.283,31.477
02-10-2025 21:00:00,31.125,31.243,30.431
02-10-2025 22:00:00,30.101,30.394,29.631
02-10-2025 23:00:00,28.959,29.135,27.896
02-11-2025 00:00:00,27.235,26.348,24.615
02-11-2025 01:00:00,26.274,24.964,23.104
02-11-2025 02:00:00,26.49,25.384,23.175
02-11-2025 03:00:00,26.82,25.561,23.615
02-11-2025 04:00:00,27.169,25.566,24.035
02-11-2025 05:00:00,26.214,25.474,23.668
02-11-2025 06:00:00,26.08,25.85,23.875
02-11-2025 07:00:00,26.465,26.742,24.554
02-11-2025 08:00:00,28.092,28.441,26.613
02-11-2025 09:00:00,31.874,31.472,30.339
02-11-2025 10:00:00,33.99,34.843,33.813
02-11-2025 11:00:00,34.294,37.423,36.522
02-11-2025 12:00:00,35.957,38.56,38.202
02-11-2025 13:00:00,36.877,38.749,38.275
02-11-2025 14:00:00,36.364,37.747,36.862
02-11-2025 15:00:00,35.958,37.416,35.89
02-11-2025 16:00:00,35.694,37.27,35.584
02-11-2025 17:00:00,35.149,36.671,35.1
02-11-2025 18:00:00,34.477,35.647,34.172
02-11-2025 19:00:00,32.27,33.549,32.135
02-11-2025 20:00:00,31.325,32.336,31.043
02-11-2025 21:00:00,30.971,32.234,30.87
02-11-2025 22:00:00,30.467,31.827,30.667
02-11-2025 23:00:00,29.957,31.326,30.085
02-12-2025 00:00:00,29.654,30.967,29.613
02-12-2025 01:00:00,29.634,30.951,29.582
02-12-2025 02:00:00,29.498,30.901,29.507
02-12-2025 03:00:00,29.376,30.791,29.369
02-12-2025 04:00:00,29.419,30.84,29.431
02-12-2025 05:00:00,29.576,31.07,29.626
02-12-2025 06:00:00,29.877,31.381,29.879
02-12-2025 07:00:00,30.492,32.067,30.575
02-12-2025 08:00:00,31.533,32.947,31.699
02-12-2025 09:00:00,32.432,33.889,32.497
02-12-2025 10:00:00,33.096,34.876,32.964
02-12-2025 11:00:00,33.84,35.418,33.674
02-12-2025 12:00:00,34.489,35.953,34.376
02-12-2025 13:00:00,34.729,36.174,34.848
02-12-2025 14:00:00,34.597,35.897,34.578
02-12-2025 15:00:00,34.336,35.69,34.303
02-12-2025 16:00:00,34.031,35.355,34.035
02-12-2025 17:00:00,34.053,35.166,33.88
02-12-2025 18:00:00,34.052,35.123,33.803
02-12-2025 19:00:00,33.976,34.982,33.713
02-12-2025 20:00:00,33.726,34.814,33.503
02-12-2025 21:00:00,33.806,34.957,33.551
02-12-2025 22:00:00,34.321,35.298,33.981
02-12-2025 23:00:00,34.733,35.654,34.235
02-13-2025 00:00:00,35.69,36.393,34.837
02-13-2025 01:00:00,36.867,37.343,35.663
02-13-2025 02:00:00,37.748,38.102,36.521
02-13-2025 03:00:00,38.147,38.638,37.185
02-13-2025 04:00:00,38.402,39.004,37.657
02-13-2025 05:00:00,38.422,39.092,37.742
02-13-2025 06:00:00,38.567,39.388,37.811
02-13-2025 07:00:00,38.657,39.672,37.977
02-13-2025 08:00:00,39.044,40.144,38.541
02-13-2025 09:00:00,39.93,41.092,39.358
02-13-2025 10:00:00,41.536,41.904,40.535
02-13-2025 11:00:00,41.907,42.954,41.549
02-13-2025 12:00:00,43.027,44.476,43.022
02-13-2025 13:00:00,44.527,45.96,44.691
02-13-2025 14:00:00,45.216,46.549,45.377
02-13-2025 15:00:00,46.776,48.034,47.056
02-13-2025 16:00:00,45.79,46.922,45.934
02-13-2025 17:00:00,44.1,45.189,44.242
02-13-2025 18:00:00,41.257,42.309,41.423
02-13-2025 19:00:00,39.975,40.89,39.949
02-13-2025 20:00:00,38.42,39.316,38.323
02-13-2025 21:00:00,36.895,37.795,36.815
02-13-2025 22:00:00,35.701,36.575,35.592
02-13-2025 23:00:00,34.733,35.619,34.647
02-14-2025 00:00:00,33.855,34.66,33.595
02-14-2025 01:00:00,33.293,34.126,33.085
02-14-2025 02:00:00,32.577,33.556,32.48
02-14-2025 03:00:00,31.912,32.885,31.774
02-14-2025 04:00:00,31.467,32.186,30.955
02-14-2025 05:00:00,30.484,30.241,28.887
02-14-2025 06:00:00,29.99,30.671,29.267
02-14-2025 07:00:00,30.395,31.42,29.882
02-14-2025 08:00:00,31.867,33.139,31.043
02-14-2025 09:00:00,32.974,35.242,32.387
02-14-2025 10:00:00,33.945,36.266,33.666
02-14-2025 11:00:00,35.073,36.968,35.138
02-14-2025 12:00:00,35.431,37.76,36.087
02-14-2025 13:00:00,36.255,38.125,36.867
02-14-2025 14:00:00,36.547,37.62,37.269
02-14-2025 15:00:00,36.143,37.052,36.503
02-14-2025 16:00:00,35.053,35.934,34.71
02-14-2025 17:00:00,33.373,34.371,33.038
02-14-2025 18:00:00,31.998,32.799,31.444
02-14-2025 19:00:00,32.272,31.696,30.409
02-14-2025 20:00:00,31.177,30.619,29.165
02-14-2025 21:00:00,30.436,30.181,28.546
02-14-2025 22:00:00,30.063,30.023,28.306
02-14-2025 23:00:00,29.65,29.413,27.551
02-15-2025 00:00:00,28.947,28.761,27.041
02-15-2025 01:00:00,28.839,28.457,26.688
02-15-2025 02:00:00,28.941,28.731,26.877
02-15-2025 03:00:00,28.626,28.913,27.18
02-15-2025 04:00:00,28.894,29.046,27.007
02-15-2025 05:00:00,28.358,28.682,26.735
02-15-2025 06:00:00,27.868,28.162,25.968
02-15-2025 07:00:00,28.248,28.602,26.749
02-15-2025 08:00:00,30.276,31.777,30.909
02-15-2025 09:00:00,32.483,34.486,34.087
02-15-2025 10:00:00,34.638,36.647,36.467
02-15-2025 11:00:00,35.512,37.977,37.403
02-15-2025 12:00:00,36.056,38.154,37.08
02-15-2025 13:00:00,34.107,36.383,34.983
02-15-2025 14:00:00,32.561,34.766,33.455
02-15-2025 15:00:00,32.191,34.031,32.925
02-15-2025 16:00:00,32.123,33.804,32.695
02-15-2025 17:00:00,32.53,33.982,32.661
02-15-2025 18:00:00,32.844,34.278,32.824
02-15-2025 19:00:00,33.125,34.432,33.039
02-15-2025 20:00:00,33.319,34.488,33.161
02-15-2025 21:00:00,33.264,34.574,33.165
02-15-2025 22:00:00,33.645,34.998,33.606
02-15-2025 23:00:00,34.638,35.76,34.307
02-16-2025 00:00:00,35.103,36.235,34.787
02-16-2025 01:00:00,35.178,36.274,34.816
02-16-2025 02:00:00,34.775,35.954,34.529
02-16-2025 03:00:00,34.503,35.866,34.294
02-16-2025 04:00:00,34.55,35.913,34.385
02-16-2025 05:00:00,35.087,36.319,34.842
02-16-2025 06:00:00,35.682,36.928,35.408
02-16-2025 07:00:00,36.27,37.474,35.977
02-16-2025 08:00:00,37.145,38.371,37.043
02-16-2025 09:00:00,37.941,39.258,37.959
02-16-2025 10:00:00,38.204,39.544,38.345
02-16-2025 11:00:00,38.24,39.526,38.24
02-16-2025 12:00:00,38.111,39.625,38.294
02-16-2025 13:00:00,37.836,39.391,38.049
02-16-2025 14:00:00,39.356,40.864,39.522
02-16-2025 15:00:00,40.861,42.316,41.149
02-16-2025 16:00:00,42.403,43.533,42.565
02-16-2025 17:00:00,47.564,48.639,47.663
02-16-2025 18:00:00,43.65,45.076,43.996
02-16-2025 19:00:00,42.015,43.191,42.232
02-16-2025 20:00:00,40.104,41.185,40.25
02-16-2025 21:00:00,38.269,39.332,38.375
02-16-2025 22:00:00,36.48,37.589,36.564
02-16-2025 23:00:00,34.765,35.787,34.796
02-17-2025 00:00:00,34.084,35.04,34.055
02-17-2025 01:00:00,33.218,34.33,33.29
02-17-2025 02:00:00,32.267,33.346,32.237
02-17-2025 03:00:00,31.863,32.937,31.927
02-17-2025 04:00:00,31.062,32.219,31.137
02-17-2025 05:00:00,29.688,30.862,29.733
02-17-2025 06:00:00,29.173,30.288,29.094
02-17-2025 07:00:00,29.928,30.899,29.593
02-17-2025 08:00:00,30.3,31.863,30.054
02-17-2025 09:00:00,31.341,33.075,31.056
02-17-2025 10:00:00,31.807,33.81,31.886
02-17-2025 11:00:00,33.18,35.397,33.575
02-17-2025 12:00:00,33.444,35.434,33.62
02-17-2025 13:00:00,34.508,36.547,34.936
02-17-2025 14:00:00,34.1,35.694,34.917
02-17-2025 15:00:00,34.737,36.126,35.479
02-17-2025 16:00:00,34.151,35.327,34.18
02-17-2025 17:00:00,32.56,33.643,32.423
02-17-2025 18:00:00,31.485,32.451,31.205
02-17-2025 19:00:00,30.703,31.648,30.432
02-17-2025 20:00:00,29.837,30.874,29.735
02-17-2025 21:00:00,28.915,29.936,28.737
02-17-2025 22:00:00,27.858,28.961,27.665
02-17-2025 23:00:00,26.541,27.8,26.42
02-18-2025 00:00:00,25.06,26.342,24.965
02-18-2025 01:00:00,23.471,24.799,23.343
02-18-2025 02:00:00,22.225,23.585,22.149
02-18-2025 03:00:00,21.154,22.531,21.027
02-18-2025 04:00:00,20.141,21.467,19.929
02-18-2025 05:00:00,19.233,20.611,19.121
02-18-2025 06:00:00,18.26,19.708,18.152
02-18-2025 07:00:00,18.028,19.533,17.772
02-18-2025 08:00:00,18.866,20.918,18.815
02-18-2025 09:00:00,20.77,22.516,20.189
02-18-2025 10:00:00,21.626,23.666,21.778
02-18-2025 11:00:00,23.129,25.433,23.332
02-18-2025 12:00:00,23.997,26.052,24.21
02-18-2025 13:00:00,25.434,27.282,26.164
02-18-2025 14:00:00,26.107,27.889,27.158
02-18-2025 15:00:00,26.194,27.704,26.881
02-18-2025 16:00:00,25.683,27.169,25.747
02-18-2025 17:00:00,24.471,25.823,24.375
02-18-2025 18:00:00,23.525,24.842,23.389
02-18-2025 19:00:00,22.908,24.147,22.583
02-18-2025 20:00:00,22.247,23.394,21.849
02-18-2025 21:00:00,21.601,22.8,21.203
02-18-2025 22:00:00,20.697,21.804,20.165
02-18-2025 23:00:00,19.904,21.075,19.621
02-19-2025 00:00:00,19.042,20.355,18.798
02-19-2025 01:00:00,18.187,19.502,17.889
02-19-2025 02:00:00,17.081,18.426,16.899
02-19-2025 03:00:00,16.366,17.72,16.085
02-19-2025 04:00:00,15.733,17.009,15.316
02-19-2025 05:00:00,15.236,16.563,14.83
02-19-2025 06:00:00,15.097,16.456,14.734
02-19-2025 07:00:00,15.893,17.305,15.392
02-19-2025 08:00:00,17.6,19.514,17.652
02-19-2025 09:00:00,20.342,22.267,20.171
02-19-2025 10:00:00,23.211,24.89,22.936
02-19-2025 11:00:00,24.55,26.55,24.632
02-19-2025 12:00:00,26.248,28.134,26.469
02-19-2025 13:00:00,28.317,30.33,28.625
02-19-2025 14:00:00,29.053,31.131,29.739
02-19-2025 15:00:00,29.975,31.637,30.442
02-19-2025 16:00:00,29.107,30.753,29.324
02-19-2025 17:00:00,27.76,29.25,27.661
02-19-2025 18:00:00,26.795,28.068,26.222
02-19-2025 19:00:00,25.896,27.172,25.446
02-19-2025 20:00:00,25.191,26.567,24.867
02-19-2025 21:00:00,24.143,25.647,23.881
02-19-2025 22:00:00,23.283,24.773,22.893
02-19-2025 23:00:00,21.89,23.342,21.743
02-20-2025 00:00:00,21.293,22.549,20.982
02-20-2025 01:00:00,20.75,22.037,20.393
02-20-2025 02:00:00,20.102,21.47,19.849
02-20-2025 03:00:00,19.622,20.964,19.249
02-20-2025 04:00:00,19.076,20.442,18.511
02-20-2025 05:00:00,18.549,19.873,18.152
02-20-2025 06:00:00,18.135,19.312,17.676
02-20-2025 07:00:00,20.086,20.573,18.412
02-20-2025 08:00:00,22.906,23.974,20.797
02-20-2025 09:00:00,25.542,26.249,23.474
02-20-2025 10:00:00,27.146,28.367,25.981
02-20-2025 11:00:00,26.854,28.325,26.769
02-20-2025 12:00:00,27.577,29.108,27.469
02-20-2025 13:00:00,27.115,28.939,27.112
02-20-2025 14:00:00,25.137,27.3,25.669
02-20-2025 15:00:00,24.233,26.098,24.595
02-20-2025 16:00:00,23.316,25.005,23.337
02-20-2025 17:00:00,22.373,24.15,22.512
02-20-2025 18:00:00,21.746,23.441,21.807
02-20-2025 19:00:00,21.661,23.296,21.64
02-20-2025 20:00:00,21.57,23.22,21.528
02-20-2025 21:00:00,21.815,23.385,21.757
02-20-2025 22:00:00,22.47,23.947,22.477
02-20-2025 23:00:00,22.12,23.617,22.179
02-21-2025 00:00:00,21.405,22.86,21.441
02-21-2025 01:00:00,20.666,22.118,20.679
02-21-2025 02:00:00,20.472,21.847,20.368
02-21-2025 03:00:00,20.873,22.218,20.729
02-21-2025 04:00:00,21.184,22.555,21.084
02-21-2025 05:00:00,21.045,22.428,20.814
02-21-2025 06:00:00,21.301,22.515,20.979
02-21-2025 07:00:00,23.4,23.922,22.264
02-21-2025 08:00:00,25.384,26.794,24.31
02-21-2025 09:00:00,26.836,28.342,25.846
02-21-2025 10:00:00,27.563,30.288,27.834
02-21-2025 11:00:00,29.668,32.692,30.382
02-21-2025 12:00:00,32.173,34.892,33.051
02-21-2025 13:00:00,34.08,36.327,35.014
02-21-2025 14:00:00,35.949,37.64,37.164
02-21-2025 15:00:00,35.593,37.01,36.352
02-21-2025 16:00:00,34.99,36.408,35.17
02-21-2025 17:00:00,33.549,34.709,33.461
02-21-2025 18:00:00,31.729,32.765,31.401
02-21-2025 19:00:00,31.213,31.695,30.048
02-21-2025 20:00:00,30.045,30.663,29
02-21-2025 21:00:00,28.793,29.455,27.962
02-21-2025 22:00:00,27.221,28.304,26.858
02-21-2025 23:00:00,26.037,27.036,25.57
02-22-2025 00:00:00,24.68,25.75,24.267
02-22-2025 01:00:00,24.107,24.939,23.428
02-22-2025 02:00:00,23.345,23.758,22.235
02-22-2025 03:00:00,22.372,22.041,20.344
02-22-2025 04:00:00,21.594,20.9,18.829
02-22-2025 05:00:00,21.202,20.531,18.579
02-22-2025 06:00:00,21.065,20.485,18.402
02-22-2025 07:00:00,23.51,22.295,19.766
02-22-2025 08:00:00,25.75,28.29,25.232
02-22-2025 09:00:00,30.261,32.37,29.773
02-22-2025 10:00:00,32.885,35.852,33.326
02-22-2025 11:00:00,36.689,39.872,37.353
02-22-2025 12:00:00,38.808,41.667,41.365
02-22-2025 13:00:00,40.327,43.295,43.563
02-22-2025 14:00:00,40.829,42.977,43.773
02-22-2025 15:00:00,40.338,42.015,41.852
02-22-2025 16:00:00,39.195,40.7,39.818
02-22-2025 17:00:00,37.62,38.723,37.504
02-22-2025 18:00:00,36.528,37.45,35.951
02-22-2025 19:00:00,35.527,36.933,34.595
02-22-2025 20:00:00,34.266,35.61,32.798
02-22-2025 21:00:00,32.939,32.677,30.306
02-22-2025 22:00:00,32.175,31.304,29.853
02-22-2025 23:00:00,31.924,31.686,30.086
02-23-2025 00:00:00,31.666,31.245,29.916
02-23-2025 01:00:00,31.056,30.26,29.146
02-23-2025 02:00:00,30.454,30.07,28.596
02-23-2025 03:00:00,30.399,29.956,28.811
02-23-2025 04:00:00,29.954,29.123,27.635
02-23-2025 05:00:00,29.432,28.37,26.631
02-23-2025 06:00:00,28.798,27.07,25.702
02-23-2025 07:00:00,30.546,28.308,26.173
02-23-2025 08:00:00,35.42,35.599,32.598
02-23-2025 09:00:00,38.656,40.687,38.352
02-23-2025 10:00:00,41.095,43.606,41.305
02-23-2025 11:00:00,43.486,45.815,43.872
02-23-2025 12:00:00,45.037,47.752,46.405
02-23-2025 13:00:00,46.249,48.993,48.398
02-23-2025 14:00:00,46.996,49.062,48.991
02-23-2025 15:00:00,46.871,48.769,47.935
02-23-2025 16:00:00,46.219,47.979,46.725
02-23-2025 17:00:00,45.088,46.228,45.041
02-23-2025 18:00:00,43.424,43.69,42.568
02-23-2025 19:00:00,42.252,41.184,40.211
02-23-2025 20:00:00,41.669,40.307,39.281
02-23-2025 21:00:00,41.297,40.333,39.607
02-23-2025 22:00:00,40.62,39.397,39.022
02-23-2025 23:00:00,39.391,37.965,37.579
02-24-2025 00:00:00,38.656,36.912,36.03
02-24-2025 01:00:00,38.374,36.449,35.903
02-24-2025 02:00:00,37.789,35.897,35.168
02-24-2025 03:00:00,36.725,34.343,33.529
02-24-2025 04:00:00,35.572,33.091,31.909
02-24-2025 05:00:00,34.283,31.43,30.42
02-24-2025 06:00:00,33.717,29.955,29.094
02-24-2025 07:00:00,36.604,32.25,30.851
02-24-2025 08:00:00,39.483,39.795,37.092
02-24-2025 09:00:00,44.467,47.018,44.098
02-24-2025 10:00:00,49.343,52.691,50.29
02-24-2025 11:00:00,51.875,54.85,53.31
02-24-2025 12:00:00,52.595,55.856,54.997
02-24-2025 13:00:00,54.208,56.823,57.431
02-24-2025 14:00:00,55.187,57.209,58.315
02-24-2025 15:00:00,54.234,55.745,56.375
02-24-2025 16:00:00,52.051,53.221,52.35
02-24-2025 17:00:00,51.323,52.352,51.33
02-24-2025 18:00:00,49.317,50.209,49.258
02-24-2025 19:00:00,46.798,47.277,46.167
02-24-2025 20:00:00,44.726,45.23,44.359
02-24-2025 21:00:00,43.515,43.951,43.175
02-24-2025 22:00:00,43.047,43.378,42.709
02-24-2025 23:00:00,42.518,42.768,42.139
02-25-2025 00:00:00,42.128,42.397,41.879
02-25-2025 01:00:00,41.682,41.579,41.107
02-25-2025 02:00:00,40.983,40.02,39.645
02-25-2025 03:00:00,40.615,39.957,39.515
02-25-2025 04:00:00,40.291,39.745,39.231
02-25-2025 05:00:00,40.299,39.617,39.055
02-25-2025 06:00:00,40.439,39.145,38.627
02-25-2025 07:00:00,41.715,40.966,40.024
02-25-2025 08:00:00,45.455,46.235,44.745
02-25-2025 09:00:00,50.347,51.553,50.491
02-25-2025 10:00:00,54.263,56.497,54.841
02-25-2025 11:00:00,56.35,57.905,57.354
02-25-2025 12:00:00,58.684,60.435,60.271
02-25-2025 13:00:00,58.75,60.693,60.681
02-25-2025 14:00:00,60.122,62.301,61.715
02-25-2025 15:00:00,58.947,60.82,59.474
02-25-2025 16:00:00,56.636,58.275,56.976
02-25-2025 17:00:00,55.184,56.392,55.408
02-25-2025 18:00:00,52.51,52.977,52.086
02-25-2025 19:00:00,50.43,50.531,49.9
02-25-2025 20:00:00,49.064,48.726,48.276
02-25-2025 21:00:00,47.25,44.727,44.608
02-25-2025 22:00:00,45.078,42.139,41.446
02-25-2025 23:00:00,44.387,42.399,41.507
02-26-2025 00:00:00,43,39.849,39.168
02-26-2025 01:00:00,41.226,38.508,37.085
02-26-2025 02:00:00,40.115,37.388,35.394
02-26-2025 03:00:00,39.814,37.395,36.689
02-26-2025 04:00:00,39.943,39.338,39.116
02-26-2025 05:00:00,40.156,39.916,39.503
02-26-2025 06:00:00,40.075,39.788,39.289
02-26-2025 07:00:00,42.058,42.242,40.893
02-26-2025 08:00:00,46.564,48.094,45.575
02-26-2025 09:00:00,49.91,51.706,49.012
02-26-2025 10:00:00,52.142,54.476,52.025
02-26-2025 11:00:00,53.685,56.457,54.281
02-26-2025 12:00:00,56.516,58.744,57.017
02-26-2025 13:00:00,57.115,59.469,58.721
02-26-2025 14:00:00,58.315,60.337,59.536
02-26-2025 15:00:00,57.903,59.841,58.864
02-26-2025 16:00:00,57.668,59.065,58.372
02-26-2025 17:00:00,56.154,57.142,56.242
02-26-2025 18:00:00,54.544,54.103,53.781
02-26-2025 19:00:00,53.825,51.689,51.393
02-26-2025 20:00:00,52.649,50.963,50.693
02-26-2025 21:00:00,51.725,50.21,49.704
02-26-2025 22:00:00,50.092,49.859,48.889
02-26-2025 23:00:00,48.444,48.637,47.763
02-27-2025 00:00:00,47.406,47.347,46.819
02-27-2025 01:00:00,47.114,46.549,45.965
02-27-2025 02:00:00,47.023,46.742,46.087
02-27-2025 03:00:00,46.881,46.817,46.052
02-27-2025 04:00:00,46.754,46.938,46.132
02-27-2025 05:00:00,47.237,47.182,46.369
02-27-2025 06:00:00,46.75,47.126,46.119
02-27-2025 07:00:00,46.569,47.295,46.316
02-27-2025 08:00:00,46.246,47.344,46.435
02-27-2025 09:00:00,48.539,49.655,49.101
02-27-2025 10:00:00,50.309,51.31,50.206
02-27-2025 11:00:00,51.011,52.289,51.13
02-27-2025 12:00:00,50.748,52.049,50.797
02-27-2025 13:00:00,51.578,53.069,51.812
02-27-2025 14:00:00,52.577,53.95,52.926
02-27-2025 15:00:00,53.072,54.433,53.211
02-27-2025 16:00:00,52.978,54.233,52.874
02-27-2025 17:00:00,52.74,53.466,52.304
02-27-2025 18:00:00,51.584,51.46,50.638
02-27-2025 19:00:00,51.154,50.942,50.05
02-27-2025 20:00:00,50.746,51.905,50.911
02-27-2025 21:00:00,48.989,50.041,49.056
02-27-2025 22:00:00,47.505,48.582,47.544
02-27-2025 23:00:00,45.869,46.699,45.632
02-28-2025 00:00:00,44.236,44.47,43.475
02-28-2025 01:00:00,42.657,42.091,41.475
02-28-2025 02:00:00,41.356,40.587,40.216
02-28-2025 03:00:00,40.254,38.163,37.825
02-28-2025 04:00:00,39.657,39.242,38.274
02-28-2025 05:00:00,39.705,39.521,38.686
02-28-2025 06:00:00,40.032,38.228,37.926
02-28-2025 07:00:00,41.311,40.509,39.252
02-28-2025 08:00:00,44.205,45.709,43.701
02-28-2025 09:00:00,46.747,48.236,46.424
02-28-2025 10:00:00,48.493,50.751,48.485
02-28-2025 11:00:00,49.635,52.313,50.006
02-28-2025 12:00:00,49.963,52.115,50.891
02-28-2025 13:00:00,50.618,52.78,51.533
02-28-2025 14:00:00,50.839,52.571,52.334
02-28-2025 15:00:00,50.247,52.067,51.758
02-28-2025 16:00:00,49.767,51.079,50.172
02-28-2025 17:00:00,48.54,49.433,48.23
02-28-2025 18:00:00,47.076,46.863,45.736
02-28-2025 19:00:00,45.701,44.268,43.433
02-28-2025 20:00:00,44.789,43.024,43.005
02-28-2025 21:00:00,44.115,42.523,42.644
02-28-2025 22:00:00,43.41,41.969,42.138
02-28-2025 23:00:00,42.713,42.566,41.888
03-01-2025 00:00:00,42.409,42.853,41.883
03-01-2025 01:00:00,41.8,42.277,41.236
03-01-2025 02:00:00,41.715,42.377,41.267
03-01-2025 03:00:00,41.685,42.599,41.598
03-01-2025 04:00:00,41.361,42.11,40.96
03-01-2025 05:00:00,41.09,41.318,40.331
03-01-2025 06:00:00,41.559,41.506,40.633
03-01-2025 07:00:00,43.121,43.445,42.417
03-01-2025 08:00:00,46.201,47.456,46.662
03-01-2025 09:00:00,50.374,52.357,51.394
03-01-2025 10:00:00,56.255,59.288,57.652
03-01-2025 11:00:00,61.694,65.336,63.945
03-01-2025 12:00:00,62.496,65.752,63.77
03-01-2025 13:00:00,60.424,63.279,61.676
03-01-2025 14:00:00,55.028,57.18,55.881
03-01-2025 15:00:00,49.684,51.645,50.529
03-01-2025 16:00:00,46.125,47.762,46.506
03-01-2025 17:00:00,42.436,43.777,42.411
03-01-2025 18:00:00,40.48,41.641,40.337
03-01-2025 19:00:00,38.604,39.65,38.343
03-01-2025 20:00:00,35.769,36.565,35.218
03-01-2025 21:00:00,32.696,33.355,31.89
03-01-2025 22:00:00,30.646,31.325,29.879
03-01-2025 23:00:00,28.481,29.107,27.663
03-02-2025 00:00:00,26.293,27.218,25.733
03-02-2025 01:00:00,25.169,26.097,24.517
03-02-2025 02:00:00,24.083,25.11,23.545
03-02-2025 03:00:00,22.958,23.995,22.356
03-02-2025 04:00:00,21.83,22.82,21.181
03-02-2025 05:00:00,20.376,21.657,19.984
03-02-2025 06:00:00,19.978,20.627,18.865
03-02-2025 07:00:00,20.863,22.094,19.735
03-02-2025 08:00:00,22.663,24.689,21.982
03-02-2025 09:00:00,25.081,27.057,24.465
03-02-2025 10:00:00,27.359,29.854,27.238
03-02-2025 11:00:00,30.426,32.622,30.32
03-02-2025 12:00:00,32.268,34.676,32.88
03-02-2025 13:00:00,33.372,35.865,34.622
03-02-2025 14:00:00,34.589,36.353,36.126
03-02-2025 15:00:00,35.051,36.648,35.975
03-02-2025 16:00:00,34.619,35.976,34.866
03-02-2025 17:00:00,33.256,34.515,33.008
03-02-2025 18:00:00,31.792,32.799,30.915
03-02-2025 19:00:00,30.232,31.438,29.775
03-02-2025 20:00:00,28.366,29.665,28.013
03-02-2025 21:00:00,26.552,27.924,26.124
03-02-2025 22:00:00,25.652,26.884,25.135
03-02-2025 23:00:00,24.932,26.18,24.427
03-03-2025 00:00:00,24.929,24.939,23.071
03-03-2025 01:00:00,22.985,22.461,20.258
03-03-2025 02:00:00,21.791,21.158,18.554
03-03-2025 03:00:00,21.709,21.188,18.277
03-03-2025 04:00:00,21.837,22.16,19.735
03-03-2025 05:00:00,22.06,22.524,20.326
03-03-2025 06:00:00,22.049,22.482,19.753
03-03-2025 07:00:00,24.017,25.002,21.583
03-03-2025 08:00:00,28.578,30.554,27.196
03-03-2025 09:00:00,32.837,33.556,30.465
03-03-2025 10:00:00,34.538,36.236,33.296
03-03-2025 11:00:00,36.063,38.019,35.69
03-03-2025 12:00:00,37.693,39.57,38.952
03-03-2025 13:00:00,38.568,40.912,40.018
03-03-2025 14:00:00,39.367,40.958,41.256
03-03-2025 15:00:00,40.059,41.057,41.611
03-03-2025 16:00:00,39.471,40.836,40.208
03-03-2025 17:00:00,38.223,39.257,37.959
03-03-2025 18:00:00,36.503,36.883,35.243
03-03-2025 19:00:00,35.103,34.262,32.237
03-03-2025 20:00:00,34.006,32.813,30.959
03-03-2025 21:00:00,33.308,31.889,30.294
03-03-2025 22:00:00,32.646,31.047,29.401
03-03-2025 23:00:00,31.29,30.443,28.562
03-04-2025 00:00:00,30.26,29.389,27.573
03-04-2025 01:00:00,29.724,28.75,27.074
03-04-2025 02:00:00,29.851,29.213,27.478
03-04-2025 03:00:00,30.328,30.77,29.122
03-04-2025 04:00:00,30.774,31.741,30.086
03-04-2025 05:00:00,31.697,32.778,31.008
03-04-2025 06:00:00,32.448,33.602,31.797
03-04-2025 07:00:00,33.587,35.165,33.364
03-04-2025 08:00:00,37.408,39.111,37.974
03-04-2025 09:00:00,40.568,42.338,41.33
03-04-2025 10:00:00,43.322,45.513,44.453
03-04-2025 11:00:00,49.103,51.957,51.288
03-04-2025 12:00:00,54.117,58.028,57.501
03-04-2025 13:00:00,55.251,58.051,57.089
03-04-2025 14:00:00,54.965,57.381,56.432
03-04-2025 15:00:00,56.532,58.673,58.182
03-04-2025 16:00:00,57.444,59.066,58.438
03-04-2025 17:00:00,57.293,58.204,57.279
03-04-2025 18:00:00,55.981,57.07,55.593
03-04-2025 19:00:00,53.884,54.934,53.361
03-04-2025 20:00:00,50.083,50.887,49.378
03-04-2025 21:00:00,48.434,48.515,47.383
03-04-2025 22:00:00,47.465,46.475,46.024
03-04-2025 23:00:00,46.584,44.661,44.735
03-05-2025 00:00:00,45.459,43.205,43.777
03-05-2025 01:00:00,45.224,43.135,43.044
03-05-2025 02:00:00,45.013,42.746,42.817
03-05-2025 03:00:00,45.977,42.992,43.712
03-05-2025 04:00:00,47.898,45.632,46.303
03-05-2025 05:00:00,51.403,50.648,50.599
03-05-2025 06:00:00,53.51,54.178,53.288
03-05-2025 07:00:00,54.497,55.798,54.823
03-05-2025 08:00:00,55.453,56.986,56.126
03-05-2025 09:00:00,58.726,60.437,59.625
03-05-2025 10:00:00,60.713,62.544,61.369
03-05-2025 11:00:00,61.827,63.816,62.505
03-05-2025 12:00:00,61.448,63.492,62.207
03-05-2025 13:00:00,60.982,63.055,61.905
03-05-2025 14:00:00,60.231,62.261,60.872
03-05-2025 15:00:00,56.661,57.959,56.71
03-05-2025 16:00:00,55.141,56.269,55.082
03-05-2025 17:00:00,54.491,56.24,54.867
03-05-2025 18:00:00,54.138,55.812,54.673
03-05-2025 19:00:00,53.906,55.648,54.527
03-05-2025 20:00:00,54.049,55.856,54.744
03-05-2025 21:00:00,54.312,56.103,55.017
03-05-2025 22:00:00,55.465,57.16,56.09
03-05-2025 23:00:00,56.352,58.024,56.944
03-06-2025 00:00:00,57.089,58.362,57.378
03-06-2025 01:00:00,57.081,58.147,57.274
03-06-2025 02:00:00,56.488,57.736,56.657
03-06-2025 03:00:00,55.419,56.76,55.573
03-06-2025 04:00:00,53.119,54.769,53.627
03-06-2025 05:00:00,50.706,52.064,50.82
03-06-2025 06:00:00,48.545,49.739,48.573
03-06-2025 07:00:00,46.389,47.681,46.539
03-06-2025 08:00:00,47.67,49.102,48.018
03-06-2025 09:00:00,48.421,49.464,48.104
03-06-2025 10:00:00,49.103,50.988,49.537
03-06-2025 11:00:00,49.599,51.865,50.1
03-06-2025 12:00:00,49.51,51.294,50.394
03-06-2025 13:00:00,49.242,51.095,49.808
03-06-2025 14:00:00,47.841,49.507,47.989
03-06-2025 15:00:00,45.096,46.798,45.405
03-06-2025 16:00:00,43.07,44.638,43.173
03-06-2025 17:00:00,41.693,43.422,41.945
03-06-2025 18:00:00,39.407,40.836,39.542
03-06-2025 19:00:00,37.423,38.802,37.504
03-06-2025 20:00:00,36.715,38.067,36.758
03-06-2025 21:00:00,36.552,37.948,36.596
03-06-2025 22:00:00,36.171,37.614,36.275
03-06-2025 23:00:00,35.794,37.192,35.924
03-07-2025 00:00:00,35.448,36.815,35.505
03-07-2025 01:00:00,35.283,36.609,35.339
03-07-2025 02:00:00,35.006,36.344,35.112
03-07-2025 03:00:00,34.689,35.947,34.683
03-07-2025 04:00:00,34.316,35.57,34.32
03-07-2025 05:00:00,33.777,35.054,33.767
03-07-2025 06:00:00,34.043,34.867,33.547
03-07-2025 07:00:00,35.221,36.537,34.634
03-07-2025 08:00:00,37.621,39.64,37.338
03-07-2025 09:00:00,40.179,42.441,40.186
03-07-2025 10:00:00,43.096,45.333,43.146
03-07-2025 11:00:00,44.755,47.454,45.535
03-07-2025 12:00:00,46.52,49.058,47.156
03-07-2025 13:00:00,48.129,50.478,48.895
03-07-2025 14:00:00,49.073,50.947,50.296
03-07-2025 15:00:00,49.797,51.918,50.712
03-07-2025 16:00:00,49.465,50.919,50.039
03-07-2025 17:00:00,48.439,49.628,48.558
03-07-2025 18:00:00,47.044,47.898,46.781
03-07-2025 19:00:00,45.757,46.189,45.012
03-07-2025 20:00:00,44.72,44.549,43.389
03-07-2025 21:00:00,43.805,43.077,41.875
03-07-2025 22:00:00,43.783,43.841,42.536
03-07-2025 23:00:00,43.615,44.143,42.802
03-08-2025 00:00:00,43.542,44.142,43.012
03-08-2025 01:00:00,43.021,43.264,42.206
03-08-2025 02:00:00,42.564,43.304,42.184
03-08-2025 03:00:00,41.746,42.698,41.502
03-08-2025 04:00:00,40.964,41.954,40.711
03-08-2025 05:00:00,39.647,39.066,37.916
03-08-2025 06:00:00,39.039,37.531,36.147
03-08-2025 07:00:00,39.729,39.267,38.002
03-08-2025 08:00:00,41.699,43.064,41.745
03-08-2025 09:00:00,43.111,44.934,43.534
03-08-2025 10:00:00,44.05,46.059,44.834
03-08-2025 11:00:00,45.734,47.618,46.592
03-08-2025 12:00:00,46.27,48.365,46.772
03-08-2025 13:00:00,46.523,48.663,47.788
03-08-2025 14:00:00,47.419,49.326,48.806
03-08-2025 15:00:00,46.963,48.938,47.949
03-08-2025 16:00:00,45.881,46.934,46.219
03-08-2025 17:00:00,44.082,45.299,44.083
03-08-2025 18:00:00,42.093,43.599,41.93
03-08-2025 19:00:00,40.85,42.181,40.281
03-08-2025 20:00:00,39.216,40.245,38.625
03-08-2025 21:00:00,38.327,38.99,37.46
03-08-2025 22:00:00,37.426,37.59,36.191
03-08-2025 23:00:00,35.913,35.204,33.903
03-09-2025 00:00:00,35.346,35.418,34.164
03-09-2025 01:00:00,34.453,34.785,33.312
03-09-2025 03:00:00,33.316,33.42,32.119
03-09-2025 04:00:00,33.091,32.89,31.594
03-09-2025 05:00:00,31.475,30.126,28.771
03-09-2025 06:00:00,30.828,29.342,27.679
03-09-2025 07:00:00,31.278,29.54,27.914
03-09-2025 08:00:00,33.218,33.93,31.528
03-09-2025 09:00:00,36.484,37.984,36.016
03-09-2025 10:00:00,40.729,43.032,41.255
03-09-2025 11:00:00,43.926,47.148,45.327
03-09-2025 12:00:00,46.78,49.76,48.198
03-09-2025 13:00:00,49.328,52.663,50.779
03-09-2025 14:00:00,51.459,54.358,53.24
03-09-2025 15:00:00,52.925,55.17,54.173
03-09-2025 16:00:00,54.012,56.693,55.711
03-09-2025 17:00:00,54.11,55.657,55.124
03-09-2025 18:00:00,53.355,54.479,53.497
03-09-2025 19:00:00,51.596,51.663,50.787
03-09-2025 20:00:00,49.701,48.212,47.734
03-09-2025 21:00:00,48.44,47.055,46.859
03-09-2025 22:00:00,47.743,46.392,46.186
03-09-2025 23:00:00,47.026,44.345,45.12
03-10-2025 00:00:00,45.854,43.01,43.607
03-10-2025 01:00:00,44.437,43.13,42.543
03-10-2025 02:00:00,43.629,42.102,41.633
03-10-2025 03:00:00,42.167,40.345,39.884
03-10-2025 04:00:00,41.727,39.262,39.397
03-10-2025 05:00:00,40.648,37.53,37.599
03-10-2025 06:00:00,39.907,37.302,36.518
03-10-2025 07:00:00,39.575,38.638,36.862
03-10-2025 08:00:00,41.948,42.665,40.262
03-10-2025 09:00:00,49.291,51.135,48.072
03-10-2025 10:00:00,55.261,57.211,54.818
03-10-2025 11:00:00,60.258,62.256,60.093
03-10-2025 12:00:00,63.752,66.104,64.742
03-10-2025 13:00:00,66.19,68.837,68.07
03-10-2025 14:00:00,68.023,70.49,70.61
03-10-2025 15:00:00,68.315,71.074,71.802
03-10-2025 16:00:00,68.008,71.742,70.55
03-10-2025 17:00:00,66.556,69.053,68.175
03-10-2025 18:00:00,64.494,65.587,64.613
03-10-2025 19:00:00,61.786,61.006,60.503
03-10-2025 20:00:00,59.74,57.672,56.904
03-10-2025 21:00:00,57.618,55.361,54.617
03-10-2025 22:00:00,55.053,54.12,53.632
03-10-2025 23:00:00,52.903,52.387,51.705
03-11-2025 00:00:00,51.369,49.263,48.885
03-11-2025 01:00:00,49.928,45.897,45.907
03-11-2025 02:00:00,47.966,43.795,43.562
03-11-2025 03:00:00,46.739,42.007,41.705
03-11-2025 04:00:00,44.624,40.241,40.127
03-11-2025 05:00:00,42.9,38.743,38.515
03-11-2025 06:00:00,41.921,37.66,36.767
03-11-2025 07:00:00,42.686,37.207,36.112
03-11-2025 08:00:00,44.539,42.496,40.245
03-11-2025 09:00:00,50.942,50.749,48.249
03-11-2025 10:00:00,57.84,59.081,56.878
03-11-2025 11:00:00,62.455,65.39,64.231
03-11-2025 12:00:00,64.931,68.035,67.278
03-11-2025 13:00:00,67.2,71.663,70.862
03-11-2025 14:00:00,68.57,72.765,72.64
03-11-2025 15:00:00,69.476,73.117,73.531
03-11-2025 16:00:00,69.544,73.151,72.849
03-11-2025 17:00:00,68.323,69.966,70.021
03-11-2025 18:00:00,66.069,67.345,66.259
03-11-2025 19:00:00,64.051,64.587,63.492
03-11-2025 20:00:00,62.593,61.333,61.571
03-11-2025 21:00:00,61.03,59.108,59.409
03-11-2025 22:00:00,59.013,56.789,56.46
03-11-2025 23:00:00,56.72,55.29,54.688
03-12-2025 00:00:00,55.112,53.074,52.926
03-12-2025 01:00:00,54.895,54.694,53.946
03-12-2025 02:00:00,53.912,54.226,53.309
03-12-2025 03:00:00,52.582,52.88,51.903
03-12-2025 04:00:00,50.349,51.058,49.977
03-12-2025 05:00:00,48.311,49.04,47.893
03-12-2025 06:00:00,47.45,47.709,46.534
03-12-2025 07:00:00,46.285,46.885,45.681
03-12-2025 08:00:00,45.85,46.346,44.755
03-12-2025 09:00:00,46.45,47.903,45.936
03-12-2025 10:00:00,47.907,50.437,49.051
03-12-2025 11:00:00,49.69,53.447,53.137
03-12-2025 12:00:00,51.622,55.679,57.3
03-12-2025 13:00:00,52.878,57.554,58.167
03-12-2025 14:00:00,54.076,58.89,59.828
03-12-2025 15:00:00,55.464,60.562,63.389
03-12-2025 16:00:00,55.603,60.095,62.391
03-12-2025 17:00:00,54.12,56.846,58.621
03-12-2025 18:00:00,51.463,53.462,53.455
03-12-2025 19:00:00,48.751,50.343,49.466
03-12-2025 20:00:00,46.123,47.897,47.02
03-12-2025 21:00:00,44.742,45.668,44.999
03-12-2025 22:00:00,43.149,43.813,42.996
03-12-2025 23:00:00,41.738,42.425,41.497
03-13-2025 00:00:00,40.711,41.537,40.648
03-13-2025 01:00:00,40.146,41.2,40.35
03-13-2025 02:00:00,39.979,41.037,40.151
03-13-2025 03:00:00,39.835,40.807,39.791
03-13-2025 04:00:00,39.477,40.274,39.15
03-13-2025 05:00:00,38.889,39.577,38.362
03-13-2025 06:00:00,38.633,39.353,38.054
03-13-2025 07:00:00,39.04,39.832,38.503
03-13-2025 08:00:00,40.588,42.284,41.36
03-13-2025 09:00:00,43.899,46.961,46.207
03-13-2025 10:00:00,46.491,51.012,49.982
03-13-2025 11:00:00,48.454,53.636,53.455
03-13-2025 12:00:00,49.36,54.663,55.73
03-13-2025 13:00:00,50.043,55.485,57.83
03-13-2025 14:00:00,50.72,55.798,59.042
03-13-2025 15:00:00,50.608,55.168,58.446
03-13-2025 16:00:00,49.616,53.456,56.4
03-13-2025 17:00:00,47.711,50.207,52.799
03-13-2025 18:00:00,44.729,47.1,47.574
03-13-2025 19:00:00,42.557,44.665,44.083
03-13-2025 20:00:00,41.141,42.591,41.969
03-13-2025 21:00:00,40.689,41.68,40.791
03-13-2025 22:00:00,40.486,41.315,40.356
03-13-2025 23:00:00,40.017,41.119,40.28
03-14-2025 00:00:00,39.8,40.974,39.893
03-14-2025 01:00:00,40.32,41.563,40.712
03-14-2025 02:00:00,40.891,42.194,41.385
03-14-2025 03:00:00,40.478,41.852,40.668
03-14-2025 04:00:00,39.862,41.133,40.291
03-14-2025 05:00:00,39.57,40.993,39.831
03-14-2025 06:00:00,39.836,41.36,39.925
03-14-2025 07:00:00,40.287,41.658,40.505
03-14-2025 08:00:00,40.913,42.875,41.482
03-14-2025 09:00:00,43.001,45.061,44.196
03-14-2025 10:00:00,47.288,49.999,49.977
03-14-2025 11:00:00,50.745,55.084,54.87
03-14-2025 12:00:00,53.559,59.205,58.394
03-14-2025 13:00:00,56.169,61.905,62.644
03-14-2025 14:00:00,58.266,63.765,66.149
03-14-2025 15:00:00,59.588,64.536,66.025
03-14-2025 16:00:00,58.055,62.824,64.612
03-14-2025 17:00:00,55.449,58.822,59.846
03-14-2025 18:00:00,52.111,54.854,54.307
03-14-2025 19:00:00,48.639,51.161,49.799
03-14-2025 20:00:00,46.408,48.887,47.343
03-14-2025 21:00:00,46.034,46.954,45.664
03-14-2025 22:00:00,42.845,45.436,44.334
03-14-2025 23:00:00,43.315,44.767,44.143
03-15-2025 00:00:00,41.836,44.543,43.877
03-15-2025 01:00:00,42.672,43.939,43.411
03-15-2025 02:00:00,41.869,43.591,43.092
03-15-2025 03:00:00,41.611,43.538,42.814
03-15-2025 04:00:00,40.967,43.053,42.482
03-15-2025 05:00:00,40.819,43.074,42.256
03-15-2025 06:00:00,41.677,42.673,41.95
03-15-2025 07:00:00,41.805,42.776,42.057
03-15-2025 08:00:00,42.099,43.163,42.512
03-15-2025 09:00:00,42.287,43.709,43.412
03-15-2025 10:00:00,43.008,45.469,45.723
03-15-2025 11:00:00,45.625,47.337,48.097
03-15-2025 12:00:00,47.909,49.652,50.24
03-15-2025 13:00:00,49.026,51.728,52.163
03-15-2025 14:00:00,50.624,53.209,53.748
03-15-2025 15:00:00,51.225,53.879,54.26
03-15-2025 16:00:00,52.305,55.049,55.225
03-15-2025 17:00:00,52.285,54.596,54.074
03-15-2025 18:00:00,52.039,54.343,53.148
03-15-2025 19:00:00,50.868,53.026,51.703
03-15-2025 20:00:00,48.765,51.139,49.843
03-15-2025 21:00:00,47.515,49.782,48.614
03-15-2025 22:00:00,47.21,49.524,48.378
03-15-2025 23:00:00,47.277,49.37,48.28
03-16-2025 00:00:00,47.687,49.433,48.444
03-16-2025 01:00:00,47.549,49.5,48.487
03-16-2025 02:00:00,47.734,49.65,48.544
03-16-2025 03:00:00,48.261,50.055,48.885
03-16-2025 04:00:00,49.188,50.589,49.365
03-16-2025 05:00:00,50.146,51.076,49.717
03-16-2025 06:00:00,51.765,51.115,50.019
03-16-2025 07:00:00,53.623,52.036,51.601
03-16-2025 08:00:00,56.528,55.53,55.686
03-16-2025 09:00:00,60.174,60.927,60.469
03-16-2025 10:00:00,63.289,65.136,64.212
03-16-2025 11:00:00,64.796,66.846,65.833
03-16-2025 12:00:00,66.36,68.623,67.602
03-16-2025 13:00:00,68.501,70.966,70.068
03-16-2025 14:00:00,70.185,72.932,71.914
03-16-2025 15:00:00,70.093,72.634,71.3
03-16-2025 16:00:00,69.229,71.664,70.185
03-16-2025 17:00:00,68.287,70.441,68.999
03-16-2025 18:00:00,66.984,68.824,67.407
03-16-2025 19:00:00,66.278,67.979,66.583
03-16-2025 20:00:00,65.931,67.587,66.27
03-16-2025 21:00:00,65.39,67.007,65.724
03-16-2025 22:00:00,65.38,66.903,65.664
03-16-2025 23:00:00,64.73,66.201,64.979
03-17-2025 00:00:00,62.05,63.693,62.374
03-17-2025 01:00:00,57.07,58.903,57.471
03-17-2025 02:00:00,56.364,58.143,57.251
03-17-2025 03:00:00,56.204,57.609,56.78
03-17-2025 04:00:00,55.851,57.233,56.058
03-17-2025 05:00:00,55.853,57.016,55.884
03-17-2025 06:00:00,55.384,56.75,55.597
03-17-2025 07:00:00,55.263,56.566,55.325
03-17-2025 08:00:00,55.754,57.011,55.716
03-17-2025 09:00:00,56.216,57.539,56.188
03-17-2025 10:00:00,56.303,58.201,56.887
03-17-2025 11:00:00,57.352,59.534,57.877
03-17-2025 12:00:00,58.911,59.764,58.304
03-17-2025 13:00:00,58.185,59.376,58.191
03-17-2025 14:00:00,57.109,58.033,56.536
03-17-2025 15:00:00,55.404,56.763,55.183
03-17-2025 16:00:00,53.309,54.113,52.624
03-17-2025 17:00:00,52.187,52.922,51.738
03-17-2025 18:00:00,48.833,49.804,48.3
03-17-2025 19:00:00,44.747,45.862,44.209
03-17-2025 20:00:00,42.241,43.165,41.585
03-17-2025 21:00:00,40.918,41.82,40.269
03-17-2025 22:00:00,39.82,40.626,39.134
03-17-2025 23:00:00,37.392,38.402,36.881
03-18-2025 00:00:00,36.082,37.096,35.515
03-18-2025 01:00:00,35.5,36.43,34.81
03-18-2025 02:00:00,35.125,35.988,34.409
03-18-2025 03:00:00,35.078,35.785,34.231
03-18-2025 04:00:00,34.985,35.435,33.975
03-18-2025 05:00:00,34.096,34.872,33.289
03-18-2025 06:00:00,33.843,34.243,32.66
03-18-2025 07:00:00,35.35,34.954,33.268
03-18-2025 08:00:00,38.522,38.634,36.237
03-18-2025 09:00:00,43.38,43.498,40.855
03-18-2025 10:00:00,47.665,48.793,45.46
03-18-2025 11:00:00,50.375,53.333,50.179
03-18-2025 12:00:00,53.213,56.924,54.17
03-18-2025 13:00:00,57.146,60.828,58.786
03-18-2025 14:00:00,60.447,62.875,62.562
03-18-2025 15:00:00,63.39,66.72,65.977
03-18-2025 16:00:00,63.66,64.888,65.745
03-18-2025 17:00:00,63.723,64.434,64.965
03-18-2025 18:00:00,62.407,63.321,62.671
03-18-2025 19:00:00,58.91,58.469,57.795
03-18-2025 20:00:00,56.202,54.479,53.897
03-18-2025 21:00:00,53.44,51.448,50.391
03-18-2025 22:00:00,50.946,48.776,47.838
03-18-2025 23:00:00,49.442,46.956,46.046
03-19-2025 00:00:00,47.96,45.412,44.243
03-19-2025 01:00:00,45.419,43.343,42.252
03-19-2025 02:00:00,44.178,41.988,40.766
03-19-2025 03:00:00,43.332,40.664,39.525
03-19-2025 04:00:00,41.666,39.387,38.172
03-19-2025 05:00:00,41.287,38.724,37.229
03-19-2025 06:00:00,40.84,38.165,36.694
03-19-2025 07:00:00,42.791,38.342,36.822
03-19-2025 08:00:00,45.985,44.362,41.826
03-19-2025 09:00:00,51.248,52.606,50.585
03-19-2025 10:00:00,54.658,58.389,57.399
03-19-2025 11:00:00,59.46,64.585,63.331
03-19-2025 12:00:00,63.517,69.884,69.18
03-19-2025 13:00:00,66.789,73.663,73.554
03-19-2025 14:00:00,69.023,75.398,75.756
03-19-2025 15:00:00,69.49,77.083,76.078
03-19-2025 16:00:00,68.33,73.465,72.889
03-19-2025 17:00:00,65.696,68.98,68.358
03-19-2025 18:00:00,61.308,64.041,62.597
03-19-2025 19:00:00,57.615,59.476,57.875
03-19-2025 20:00:00,54.409,56.197,54.685
03-19-2025 21:00:00,52.145,54.101,52.683
03-19-2025 22:00:00,50.237,52.213,50.949
03-19-2025 23:00:00,48.768,50.437,49.522
03-20-2025 00:00:00,47.477,48.802,47.986
03-20-2025 01:00:00,46.453,48.042,47.421
03-20-2025 02:00:00,45.657,47.623,47.172
03-20-2025 03:00:00,44.738,46.719,46.279
03-20-2025 04:00:00,43.215,45.614,45.013
03-20-2025 05:00:00,43.163,45.432,44.953
03-20-2025 06:00:00,43.417,45.56,44.937
03-20-2025 07:00:00,43.564,45.724,44.864
03-20-2025 08:00:00,44.072,46.374,45.977
03-20-2025 09:00:00,45.825,48.031,48.075
03-20-2025 10:00:00,49.308,52.185,52.719
03-20-2025 11:00:00,53.832,58.685,59.454
03-20-2025 12:00:00,57.576,63.028,63.5
03-20-2025 13:00:00,62.072,66.78,66.797
03-20-2025 14:00:00,64.714,69.35,68.56
03-20-2025 15:00:00,64.989,68.64,67.761
03-20-2025 16:00:00,65.57,68.856,68.762
03-20-2025 17:00:00,65.002,67.539,67.878
03-20-2025 18:00:00,63.386,65.612,64.45
03-20-2025 19:00:00,60.6,62.775,61.296
03-20-2025 20:00:00,57.071,58.633,57.297
03-20-2025 21:00:00,55.432,56.272,54.993
03-20-2025 22:00:00,52.027,53.014,51.774
03-20-2025 23:00:00,49.8,50.438,49.079
03-21-2025 00:00:00,49.391,50.425,49.146
03-21-2025 01:00:00,48.346,49.426,48.11
03-21-2025 02:00:00,47.475,48.606,47.249
03-21-2025 03:00:00,47.257,48.412,47.102
03-21-2025 04:00:00,45.621,46.963,45.708
03-21-2025 05:00:00,44.009,45.399,43.975
03-21-2025 06:00:00,41.253,42.65,41.244
03-21-2025 07:00:00,39.136,40.458,38.956
03-21-2025 08:00:00,40.028,41,39.015
03-21-2025 09:00:00,41.159,42.196,39.962
03-21-2025 10:00:00,43.842,44.568,42.051
03-21-2025 11:00:00,45.535,46.378,44.329
03-21-2025 12:00:00,47.231,48.751,46.663
03-21-2025 13:00:00,49.423,51.144,49.162
03-21-2025 14:00:00,51.175,52.95,51.288
03-21-2025 15:00:00,52.827,55.685,53.478
03-21-2025 16:00:00,52.88,54.247,53.565
03-21-2025 17:00:00,52.512,53.842,53.064
03-21-2025 18:00:00,51.285,52.721,51.452
03-21-2025 19:00:00,49.58,50.638,49.408
03-21-2025 20:00:00,47.956,47.377,46.878
03-21-2025 21:00:00,46.116,44.423,42.616
03-21-2025 22:00:00,44.405,42.202,40.255
03-21-2025 23:00:00,42.632,40.57,38.762
03-22-2025 00:00:00,41.032,38.626,36.617
03-22-2025 01:00:00,41.302,38.302,36.244
03-22-2025 02:00:00,41.184,38.368,36.021
03-22-2025 03:00:00,40.585,38.118,36.137
03-22-2025 04:00:00,40.44,37.805,35.863
03-22-2025 05:00:00,40.032,37.236,35.314
03-22-2025 06:00:00,39.336,36.441,34.782
03-22-2025 07:00:00,39.323,37.501,35.632
03-22-2025 08:00:00,42.554,43.058,40.479
03-22-2025 09:00:00,49.57,50.471,49.789
03-22-2025 10:00:00,56.207,58.016,57.525
03-22-2025 11:00:00,57.845,61.14,60.06
03-22-2025 12:00:00,60.088,64.005,62.585
03-22-2025 13:00:00,61.91,65.531,63.697
03-22-2025 14:00:00,59.738,62.605,61.187
03-22-2025 15:00:00,59.702,62.393,60.921
03-22-2025 16:00:00,61.008,63.042,62.374
03-22-2025 17:00:00,59.553,61.217,59.883
03-22-2025 18:00:00,57.641,59.117,57.801
03-22-2025 19:00:00,56.017,57.467,56.175
03-22-2025 20:00:00,52.034,53.517,52.143
03-22-2025 21:00:00,49.165,50.563,49.244
03-22-2025 22:00:00,46.402,47.669,46.356
03-22-2025 23:00:00,43.55,44.851,43.465
03-23-2025 00:00:00,41.889,43.154,41.73
03-23-2025 01:00:00,39.929,41.168,39.719
03-23-2025 02:00:00,37.788,38.927,37.427
03-23-2025 03:00:00,35.872,36.938,35.349
03-23-2025 04:00:00,33.939,35.182,33.619
03-23-2025 05:00:00,32.953,34.072,32.391
03-23-2025 06:00:00,32.588,33.044,31.268
03-23-2025 07:00:00,32.948,32.92,31.086
03-23-2025 08:00:00,34.87,36.174,33.617
03-23-2025 09:00:00,38.075,38.763,36.339
03-23-2025 10:00:00,40.621,41.362,39.355
03-23-2025 11:00:00,41.852,43.182,41.58
03-23-2025 12:00:00,43.389,45.917,44.924
03-23-2025 13:00:00,46.672,48.671,48.072
03-23-2025 14:00:00,48.375,50.654,50.025
03-23-2025 15:00:00,49.843,52.69,53.869
03-23-2025 16:00:00,50.43,52.326,54.036
03-23-2025 17:00:00,49.318,51.006,50.592
03-23-2025 18:00:00,48.006,49.825,48.228
03-23-2025 19:00:00,47.153,48.654,46.482
03-23-2025 20:00:00,45.126,47.148,44.841
03-23-2025 21:00:00,41.977,44.65,42.372
03-23-2025 22:00:00,41.673,43.279,41.306
03-23-2025 23:00:00,41.037,42.871,41.145
03-24-2025 00:00:00,41.692,43.269,41.752
03-24-2025 01:00:00,41.364,43.228,41.76
03-24-2025 02:00:00,39.479,41.975,40.566
03-24-2025 03:00:00,39.176,41.229,39.835
03-24-2025 04:00:00,39.02,40.91,39.645
03-24-2025 05:00:00,38.675,40.612,39.385
03-24-2025 06:00:00,38.251,40.262,38.854
03-24-2025 07:00:00,38.872,40.697,39.282
03-24-2025 08:00:00,40.645,42.38,40.973
03-24-2025 09:00:00,43.161,44.601,42.832
03-24-2025 10:00:00,44.223,46.274,44.195
03-24-2025 11:00:00,46.164,48.154,46.212
03-24-2025 12:00:00,47.571,49.171,47.663
03-24-2025 13:00:00,47.543,49.384,47.746
03-24-2025 14:00:00,48.629,50.407,48.815
03-24-2025 15:00:00,48.247,50.094,48.656
03-24-2025 16:00:00,49.191,51.131,49.45
03-24-2025 17:00:00,51.184,53.004,51.675
03-24-2025 18:00:00,51.958,53.653,52.23
03-24-2025 19:00:00,50.467,51.216,49.523
03-24-2025 20:00:00,49.09,48.867,47.254
03-24-2025 21:00:00,48.226,47.663,46.011
03-24-2025 22:00:00,47.582,47.045,45.713
03-24-2025 23:00:00,47.361,47.168,45.681
03-25-2025 00:00:00,47.889,48.73,47.424
03-25-2025 01:00:00,47.268,48.378,47.016
03-25-2025 02:00:00,47.248,48.065,46.711
03-25-2025 03:00:00,46.592,47.562,46.049
03-25-2025 04:00:00,45.86,46.611,45.025
03-25-2025 05:00:00,44.979,44.447,42.906
03-25-2025 06:00:00,44.204,44.551,43.416
03-25-2025 07:00:00,43.933,44.619,43.247
03-25-2025 08:00:00,"","",""
03-25-2025 09:00:00,"","",""
03-25-2025 10:00:00,"","",""
03-25-2025 11:00:00,"","",""
03-25-2025 12:00:00,"","",""
03-25-2025 13:00:00,"","",""
03-25-2025 14:00:00,"","",""
03-25-2025 15:00:00,"","",""
03-25-2025 16:00:00,"","",""
03-25-2025 17:00:00,"","",""
03-25-2025 18:00:00,"","",""
03-25-2025 19:00:00,"","",""
03-25-2025 20:00:00,"","",""
03-25-2025 21:00:00,"","",""
03-25-2025 22:00:00,"","",""
03-25-2025 23:00:00,"","",""