"Site Time","Visitor Parking Weather Station 2 - GHI; Mod T2, Module temp Degrees Fahrenheit","West Garage Weather Station 2 - GHI; Mod T2, Module temp Degrees Fahrenheit","Lakeside Garage Weather Station 2 - GHI; Mod T2, Module temp Degrees Fahrenheit"
11-15-2024 00:00:00,40.726,40.271,40.479
11-15-2024 01:00:00,41.038,40.522,40.685
11-15-2024 02:00:00,40.687,40.247,40.687
11-15-2024 03:00:00,40.146,39.649,40.101
11-15-2024 04:00:00,39.823,39.397,39.91
11-15-2024 05:00:00,39.068,38.574,39.31
11-15-2024 06:00:00,38.952,38.493,39.092
11-15-2024 07:00:00,42.414,42.106,42.131
11-15-2024 08:00:00,48.868,48.971,47.242
11-15-2024 09:00:00,58.601,59.818,55.231
11-15-2024 10:00:00,67.698,68.839,63.063
11-15-2024 11:00:00,73.947,75.967,68.347
11-15-2024 12:00:00,76.852,78.284,71.077
11-15-2024 13:00:00,73.213,65.508,68.952
11-15-2024 14:00:00,69.273,58.665,67.118
11-15-2024 15:00:00,60.638,54.183,60.415
11-15-2024 16:00:00,52.227,49.184,51.982
11-15-2024 17:00:00,47.312,45.431,47.861
11-15-2024 18:00:00,45.019,42.569,45.599
11-15-2024 19:00:00,43.897,41.112,43.711
11-15-2024 20:00:00,43.996,41.14,44.364
11-15-2024 21:00:00,43.239,40.652,43.689
11-15-2024 22:00:00,42.882,40.437,43.651
11-15-2024 23:00:00,42.627,40.018,42.835
11-16-2024 00:00:00,41.976,39.887,43.028
11-16-2024 01:00:00,41.704,39.172,42.217
11-16-2024 02:00:00,40.86,38.593,41.783
11-16-2024 03:00:00,40.031,38.23,41.14
11-16-2024 04:00:00,41.02,39.421,42.104
11-16-2024 05:00:00,42.112,40.127,43.111
11-16-2024 06:00:00,42.875,40.829,43.622
11-16-2024 07:00:00,46.384,44.741,46.368
11-16-2024 08:00:00,56.117,55.96,54.059
11-16-2024 09:00:00,65.103,66.581,60.767
11-16-2024 10:00:00,70.25,73.523,65.615
11-16-2024 11:00:00,74.892,79.447,70.541
11-16-2024 12:00:00,76.708,79.299,72.35
11-16-2024 13:00:00,73.863,67.626,70.787
11-16-2024 14:00:00,69.787,60.666,67.675
11-16-2024 15:00:00,62.731,56.627,62.415
11-16-2024 16:00:00,54.444,51.585,54.972
11-16-2024 17:00:00,51.329,48.543,52.197
11-16-2024 18:00:00,49.097,46.709,49.578
11-16-2024 19:00:00,46.441,43.975,46.477
11-16-2024 20:00:00,46.055,43.341,46.391
11-16-2024 21:00:00,45.028,42.869,46.014
11-16-2024 22:00:00,42.435,39.987,42.902
11-16-2024 23:00:00,40.317,36.627,39.603
11-17-2024 00:00:00,40.967,37.757,41.451
11-17-2024 01:00:00,41.617,38.924,42.517
11-17-2024 02:00:00,40.36,38.484,41.4
11-17-2024 03:00:00,38.295,35.612,37.722
11-17-2024 04:00:00,38.045,33.353,35.845
11-17-2024 05:00:00,35.842,30.956,32.618
11-17-2024 06:00:00,34.402,30.165,31.269
11-17-2024 07:00:00,37.647,33.988,34.673
11-17-2024 08:00:00,52.881,50.25,49.4
11-17-2024 09:00:00,65.514,66.135,61.573
11-17-2024 10:00:00,76.651,76.888,72.019
11-17-2024 11:00:00,83.392,81.255,79.796
11-17-2024 12:00:00,81.223,79.748,78.506
11-17-2024 13:00:00,74.644,69.676,73.251
11-17-2024 14:00:00,69.089,65.997,68.168
11-17-2024 15:00:00,60.849,58.872,60.577
11-17-2024 16:00:00,53.463,51.017,52.295
11-17-2024 17:00:00,50.813,46.609,48.197
11-17-2024 18:00:00,50.245,45.364,47.008
11-17-2024 19:00:00,48.587,43.013,45.251
11-17-2024 20:00:00,46.7,43.234,45.453
11-17-2024 21:00:00,44.022,39.697,41.942
11-17-2024 22:00:00,41.065,36.906,38.397
11-17-2024 23:00:00,40.439,36.157,37.443
11-18-2024 00:00:00,41.268,36.719,38.644
11-18-2024 01:00:00,40.586,36.388,39.511
11-18-2024 02:00:00,40.158,36.489,38.348
11-18-2024 03:00:00,43.322,41.07,42.137
11-18-2024 04:00:00,43.464,41.865,42.905
11-18-2024 05:00:00,44.095,42.511,43.573
11-18-2024 06:00:00,44.644,42.53,44.141
11-18-2024 07:00:00,47.675,46.058,46.974
11-18-2024 08:00:00,58.065,57.386,55.897
11-18-2024 09:00:00,69.493,70.991,66.423
11-18-2024 10:00:00,76.381,80.184,71.151
11-18-2024 11:00:00,79.464,82.594,73.388
11-18-2024 12:00:00,80.719,82.415,77.057
11-18-2024 13:00:00,79.065,70.213,75.983
11-18-2024 14:00:00,74.462,65.352,72.577
11-18-2024 15:00:00,66.707,60.666,66.368
11-18-2024 16:00:00,58.032,54.715,58.229
11-18-2024 17:00:00,52.37,49.268,53.406
11-18-2024 18:00:00,50.933,46.482,49.556
11-18-2024 19:00:00,50.29,45.96,50.168
11-18-2024 20:00:00,49.014,43.084,46.591
11-18-2024 21:00:00,46.65,39.635,42.803
11-18-2024 22:00:00,46.373,42.011,46.309
11-18-2024 23:00:00,46.951,44.261,47.579
11-19-2024 00:00:00,45.818,43.487,47.155
11-19-2024 01:00:00,44.006,41.143,45.011
11-19-2024 02:00:00,42.866,40.529,44.078
11-19-2024 03:00:00,41.803,38.969,42.798
11-19-2024 04:00:00,41.828,40.372,43.261
11-19-2024 05:00:00,41.185,38.457,41.52
11-19-2024 06:00:00,41.057,38.376,40.983
11-19-2024 07:00:00,45.277,44.006,44.738
11-19-2024 08:00:00,57.145,56.728,54.049
11-19-2024 09:00:00,67.107,66.917,61.472
11-19-2024 10:00:00,71.904,70.819,66.375
11-19-2024 11:00:00,77.486,74.97,73.774
11-19-2024 12:00:00,84.76,80.623,80.961
11-19-2024 13:00:00,81.731,67.435,79.427
11-19-2024 14:00:00,74.834,63.385,72.815
11-19-2024 15:00:00,63.934,59.479,63.544
11-19-2024 16:00:00,54.448,51.928,54.184
11-19-2024 17:00:00,52.336,50.06,51.516
11-19-2024 18:00:00,49.819,47.383,48.83
11-19-2024 19:00:00,53.65,50.539,51.844
11-19-2024 20:00:00,53.068,50.645,51.687
11-19-2024 21:00:00,52.871,50.291,51.339
11-19-2024 22:00:00,49.864,48.353,49.199
11-19-2024 23:00:00,49.148,47.951,48.432
11-20-2024 00:00:00,49.442,48.278,48.753
11-20-2024 01:00:00,49.628,48.628,49.019
11-20-2024 02:00:00,50.466,48.789,49.112
11-20-2024 03:00:00,50.886,48.96,49.621
11-20-2024 04:00:00,50.199,49.009,49.429
11-20-2024 05:00:00,50.739,49.444,49.76
11-20-2024 06:00:00,50.513,49.604,49.855
11-20-2024 07:00:00,51.996,51.146,51.102
11-20-2024 08:00:00,57.108,55.665,55.143
11-20-2024 09:00:00,65.683,63.458,63.077
11-20-2024 10:00:00,72.342,71.329,72.507
11-20-2024 11:00:00,72.099,71.007,71.605
11-20-2024 12:00:00,71.668,70.354,70.802
11-20-2024 13:00:00,71.559,69.942,70.291
11-20-2024 14:00:00,67.69,66.77,67.981
11-20-2024 15:00:00,62.077,59.087,62.673
11-20-2024 16:00:00,56.696,54.794,55.75
11-20-2024 17:00:00,56.097,54.216,54.807
11-20-2024 18:00:00,52.032,49.632,50.628
11-20-2024 19:00:00,49.728,46.39,47.585
11-20-2024 20:00:00,51.888,48.741,49.621
11-20-2024 21:00:00,54.195,52.633,53.002
11-20-2024 22:00:00,54.965,53.709,54.04
11-20-2024 23:00:00,54.216,53.03,53.468
11-21-2024 00:00:00,52.168,51.228,51.697
11-21-2024 01:00:00,51.451,50.722,51.176
11-21-2024 02:00:00,50.921,50.162,50.65
11-21-2024 03:00:00,47.747,47.184,47.329
11-21-2024 04:00:00,46.485,45.894,46.213
11-21-2024 05:00:00,45.567,45.083,45.439
11-21-2024 06:00:00,45.638,45.084,45.498
11-21-2024 07:00:00,45.704,45.384,45.403
11-21-2024 08:00:00,47.706,47.338,46.803
11-21-2024 09:00:00,49.962,49.126,48.271
11-21-2024 10:00:00,50.566,50.239,48.75
11-21-2024 11:00:00,50.189,50.194,48.775
11-21-2024 12:00:00,50.369,50.193,48.756
11-21-2024 13:00:00,47.556,47.693,46.685
11-21-2024 14:00:00,45.668,45.704,44.966
11-21-2024 15:00:00,42.571,42.253,42.099
11-21-2024 16:00:00,40.233,39.731,39.799
11-21-2024 17:00:00,39.723,39.123,39.24
11-21-2024 18:00:00,39.677,39.083,39.276
11-21-2024 19:00:00,39.468,38.926,39.059
11-21-2024 20:00:00,39.132,38.677,38.676
11-21-2024 21:00:00,39.022,38.619,38.609
11-21-2024 22:00:00,38.562,38.094,38.177
11-21-2024 23:00:00,38.485,37.939,38.116
11-22-2024 00:00:00,38.441,37.937,38.198
11-22-2024 01:00:00,38.396,37.856,38.375
11-22-2024 02:00:00,38.44,37.895,38.725
11-22-2024 03:00:00,38.107,38.104,38.742
11-22-2024 04:00:00,37.932,37.963,38.373
11-22-2024 05:00:00,37.467,37.134,37.505
11-22-2024 06:00:00,36.622,36.318,36.524
11-22-2024 07:00:00,37.404,37.497,37.157
11-22-2024 08:00:00,39.066,39.712,38.639
11-22-2024 09:00:00,39.433,40.594,39.061
11-22-2024 10:00:00,39.838,40.611,38.945
11-22-2024 11:00:00,39.884,40.531,39.558
11-22-2024 12:00:00,39.835,40.28,39.264
11-22-2024 13:00:00,39.157,39.629,38.657
11-22-2024 14:00:00,38.919,39.293,38.447
11-22-2024 15:00:00,37.749,38.007,37.511
11-22-2024 16:00:00,36.122,36.044,35.934
11-22-2024 17:00:00,35.7,35.654,35.477
11-22-2024 18:00:00,35.04,34.95,34.755
11-22-2024 19:00:00,35.531,35.111,34.893
11-22-2024 20:00:00,36.01,35.768,35.421
11-22-2024 21:00:00,35.772,35.659,35.28
11-22-2024 22:00:00,34.63,34.441,34.215
11-22-2024 23:00:00,34.513,34.574,34.384
11-23-2024 00:00:00,34.769,34.761,34.586
11-23-2024 01:00:00,34.608,34.599,34.392
11-23-2024 02:00:00,33.636,33.169,33.499
11-23-2024 03:00:00,35.338,35.101,35.161
11-23-2024 04:00:00,35.029,34.442,35.039
11-23-2024 05:00:00,33.117,31.777,33.758
11-23-2024 06:00:00,32.563,30.605,32.814
11-23-2024 07:00:00,35.21,33.994,35.165
11-23-2024 08:00:00,41.503,40.812,40.761
11-23-2024 09:00:00,51.678,52.552,48.475
11-23-2024 10:00:00,56.141,57.221,52.087
11-23-2024 11:00:00,57.889,60.539,54.466
11-23-2024 12:00:00,58.1,60.001,54.399
11-23-2024 13:00:00,56.057,54.753,54.263
11-23-2024 14:00:00,52.17,49.789,51.248
11-23-2024 15:00:00,49.094,45.547,49.072
11-23-2024 16:00:00,44.088,41.657,44.472
11-23-2024 17:00:00,41.216,38.946,41.725
11-23-2024 18:00:00,40.091,38.021,40.73
11-23-2024 19:00:00,42.758,41.232,42.582
11-23-2024 20:00:00,44.207,42.889,44.03
11-23-2024 21:00:00,44.164,41.955,44.658
11-23-2024 22:00:00,44.907,42.407,45.357
11-23-2024 23:00:00,44.493,43.174,45.032
11-24-2024 00:00:00,44.42,42.412,45.022
11-24-2024 01:00:00,43.378,42.011,43.821
11-24-2024 02:00:00,42.823,41.379,43.276
11-24-2024 03:00:00,41.154,39.301,41.412
11-24-2024 04:00:00,37.866,34.146,37.436
11-24-2024 05:00:00,36.537,32.524,35.796
11-24-2024 06:00:00,38.41,34.731,36.823
11-24-2024 07:00:00,40.142,36.585,38.883
11-24-2024 08:00:00,45.044,43.575,44.185
11-24-2024 09:00:00,51.441,49.393,50.971
11-24-2024 10:00:00,54.158,54.29,52.542
11-24-2024 11:00:00,63.307,65.033,59.757
11-24-2024 12:00:00,58.195,59.746,56.635
11-24-2024 13:00:00,58.27,56.302,57.566
11-24-2024 14:00:00,55.775,55.268,54.427
11-24-2024 15:00:00,53.059,51.602,52.854
11-24-2024 16:00:00,48.701,46.951,48.649
11-24-2024 17:00:00,44.399,42.034,45.025
11-24-2024 18:00:00,44.913,42.321,45.552
11-24-2024 19:00:00,44.328,41.666,44.416
11-24-2024 20:00:00,43.356,41.001,43.574
11-24-2024 21:00:00,41.598,39.677,41.888
11-24-2024 22:00:00,40.869,38.223,40.937
11-24-2024 23:00:00,42.532,40.198,42.251
11-25-2024 00:00:00,41.158,38.477,41.457
11-25-2024 01:00:00,38.322,35.618,38.535
11-25-2024 02:00:00,36.805,34.189,36.964
11-25-2024 03:00:00,34.447,31.895,33.52
11-25-2024 04:00:00,33.822,31.169,32.313
11-25-2024 05:00:00,32.025,29.191,30.638
11-25-2024 06:00:00,31.917,28.379,29.53
11-25-2024 07:00:00,34.064,30.69,31.738
11-25-2024 08:00:00,41.812,41.221,40.593
11-25-2024 09:00:00,54.172,54.008,51.083
11-25-2024 10:00:00,64.468,67.423,60.643
11-25-2024 11:00:00,71.368,72.247,66.585
11-25-2024 12:00:00,72.769,73.699,70.009
11-25-2024 13:00:00,74.141,60.74,70.894
11-25-2024 14:00:00,67.093,55.47,66.66
11-25-2024 15:00:00,58.196,50.463,59.468
11-25-2024 16:00:00,46.383,43.711,45.768
11-25-2024 17:00:00,46.525,44.234,45.683
11-25-2024 18:00:00,47.974,45.865,46.889
11-25-2024 19:00:00,49.371,47.586,48.18
11-25-2024 20:00:00,49.347,47.707,48.481
11-25-2024 21:00:00,49.296,47.455,48.19
11-25-2024 22:00:00,49.609,48.075,48.976
11-25-2024 23:00:00,49.583,48.418,49.019
11-26-2024 00:00:00,45.368,43.67,45.248
11-26-2024 01:00:00,44.302,40.707,42.211
11-26-2024 02:00:00,46.498,43.043,44.136
11-26-2024 03:00:00,46.797,43.804,44.621
11-26-2024 04:00:00,46.933,43.716,44.296
11-26-2024 05:00:00,49.101,46.458,46.962
11-26-2024 06:00:00,50.132,48.513,48.742
11-26-2024 07:00:00,50.621,49.719,49.871
11-26-2024 08:00:00,50.763,49.917,49.941
11-26-2024 09:00:00,52.465,51.893,51.589
11-26-2024 10:00:00,55.566,56.067,54.589
11-26-2024 11:00:00,65.217,65.59,61.193
11-26-2024 12:00:00,73.839,75.401,68.566
11-26-2024 13:00:00,72.353,66.528,70.172
11-26-2024 14:00:00,67.965,59.284,66.821
11-26-2024 15:00:00,60.253,54.524,60.402
11-26-2024 16:00:00,52.62,49.495,52.795
11-26-2024 17:00:00,48.29,45.28,48.99
11-26-2024 18:00:00,46.597,43.543,47.262
11-26-2024 19:00:00,43.27,40.208,44.256
11-26-2024 20:00:00,40.847,38.007,41.832
11-26-2024 21:00:00,38.701,35.581,39.207
11-26-2024 22:00:00,35.629,32.251,34.642
11-26-2024 23:00:00,34.592,30.61,32.131
11-27-2024 00:00:00,34.424,29.538,31.625
11-27-2024 01:00:00,35.491,31.02,33.008
11-27-2024 02:00:00,34.519,30.608,31.691
11-27-2024 03:00:00,32.572,28.704,30.087
11-27-2024 04:00:00,31.414,27.355,28.647
11-27-2024 05:00:00,30.016,26.425,27.462
11-27-2024 06:00:00,29.145,25.663,26.229
11-27-2024 07:00:00,33.366,29.804,30.215
11-27-2024 08:00:00,42.905,39.272,38.493
11-27-2024 09:00:00,54.46,53.993,51.301
11-27-2024 10:00:00,60.297,64.538,57.926
11-27-2024 11:00:00,60.073,62.728,58.13
11-27-2024 12:00:00,57.167,56.417,55.193
11-27-2024 13:00:00,59.874,56.292,58.751
11-27-2024 14:00:00,54.682,50.76,54.043
11-27-2024 15:00:00,48.941,46.659,48.88
11-27-2024 16:00:00,41.827,39.956,41.364
11-27-2024 17:00:00,40.359,37.189,38.309
11-27-2024 18:00:00,39.593,36.461,37.092
11-27-2024 19:00:00,40.402,37.326,38.325
11-27-2024 20:00:00,40.168,37.639,38.36
11-27-2024 21:00:00,40.239,38.15,38.47
11-27-2024 22:00:00,40.694,38.493,39.228
11-27-2024 23:00:00,41.024,39.152,39.578
11-28-2024 00:00:00,41.764,39.962,40.162
11-28-2024 01:00:00,42.064,40.023,40.289
11-28-2024 02:00:00,41.451,40.12,40.286
11-28-2024 03:00:00,40.923,40.119,40.309
11-28-2024 04:00:00,40.787,40.029,40.081
11-28-2024 05:00:00,40.935,40.341,40.453
11-28-2024 06:00:00,41.332,40.614,40.748
11-28-2024 07:00:00,42.564,41.939,42.056
11-28-2024 08:00:00,44.368,43.754,43.725
11-28-2024 09:00:00,45.91,45.279,45.254
11-28-2024 10:00:00,47.474,46.986,46.742
11-28-2024 11:00:00,49.194,48.478,48.303
11-28-2024 12:00:00,51.688,51.367,50.741
11-28-2024 13:00:00,50.826,50.733,50.058
11-28-2024 14:00:00,49.807,50.823,49.41
11-28-2024 15:00:00,47.333,47.141,46.664
11-28-2024 16:00:00,44.622,43.524,44.469
11-28-2024 17:00:00,44.548,43.664,44.367
11-28-2024 18:00:00,42.813,41.481,42.856
11-28-2024 19:00:00,42.397,41.39,42.375
11-28-2024 20:00:00,38.553,36.626,39.2
11-28-2024 21:00:00,36.566,34.193,36.981
11-28-2024 22:00:00,36.873,34.185,37.359
11-28-2024 23:00:00,33.26,31.087,33.44
11-29-2024 00:00:00,30.506,28.831,30.091
11-29-2024 01:00:00,29.57,27.211,28.847
11-29-2024 02:00:00,28.839,25.831,27.8
11-29-2024 03:00:00,28.373,25.618,27.293
11-29-2024 04:00:00,27.451,24.815,25.928
11-29-2024 05:00:00,27.467,24.857,26.064
11-29-2024 06:00:00,27.903,24.597,26.43
11-29-2024 07:00:00,32.231,30.104,31.681
11-29-2024 08:00:00,37.57,36.973,36.491
11-29-2024 09:00:00,47.351,47.937,45.716
11-29-2024 10:00:00,56.877,58.745,53.745
11-29-2024 11:00:00,56.238,58.77,54.59
11-29-2024 12:00:00,50.122,51.937,49.397
11-29-2024 13:00:00,45.989,46.695,45.472
11-29-2024 14:00:00,44.004,44.197,44.277
11-29-2024 15:00:00,43.065,42.961,42.813
11-29-2024 16:00:00,36.076,35.942,36.735
11-29-2024 17:00:00,32.998,31.867,34.535
11-29-2024 18:00:00,32.201,29.796,33.608
11-29-2024 19:00:00,29.841,27.715,30.608
11-29-2024 20:00:00,28.588,26.722,29.193
11-29-2024 21:00:00,28.383,26.363,29.124
11-29-2024 22:00:00,27.186,25.788,27.9
11-29-2024 23:00:00,25.896,24.35,26.628
11-30-2024 00:00:00,24.519,22.915,25.103
11-30-2024 01:00:00,22.494,20.8,22.941
11-30-2024 02:00:00,22.195,20.42,22.069
11-30-2024 03:00:00,21.267,19.401,21.219
11-30-2024 04:00:00,21.016,18.29,20.979
11-30-2024 05:00:00,20.894,19.001,21.76
11-30-2024 06:00:00,19.72,17.586,19.561
11-30-2024 07:00:00,20.564,19.007,20.254
11-30-2024 08:00:00,31.021,30.375,29.658
11-30-2024 09:00:00,39.461,41.948,37.575
11-30-2024 10:00:00,45.32,49.477,42.99
11-30-2024 11:00:00,48.92,53.281,46.694
11-30-2024 12:00:00,50.527,53.889,48.931
11-30-2024 13:00:00,46.964,40.755,46.376
11-30-2024 14:00:00,40.661,37.884,40.053
11-30-2024 15:00:00,35.222,33.74,35.246
11-30-2024 16:00:00,30.307,28.632,30.7
11-30-2024 17:00:00,27.537,26.08,28.355
11-30-2024 18:00:00,25.027,23.242,25.711
11-30-2024 19:00:00,24.05,22.098,24.572
11-30-2024 20:00:00,23.903,21.32,24.281
11-30-2024 21:00:00,23.693,21.748,23.98
11-30-2024 22:00:00,22.929,21.3,23.131
11-30-2024 23:00:00,20.246,18.871,20.58
12-01-2024 00:00:00,18.323,16.911,18.557
12-01-2024 01:00:00,17.308,15.436,17.111
12-01-2024 02:00:00,18.065,16.318,17.734
12-01-2024 03:00:00,18.54,17.149,18.527
12-01-2024 04:00:00,18.109,16.672,17.651
12-01-2024 05:00:00,16.429,14.851,15.554
12-01-2024 06:00:00,16.44,14.762,15.154
12-01-2024 07:00:00,20.189,18.624,18.679
12-01-2024 08:00:00,26.26,25.906,25.165
12-01-2024 09:00:00,33.575,33.979,32.084
12-01-2024 10:00:00,38.432,39.514,37.142
12-01-2024 11:00:00,43.049,44.42,40.787
12-01-2024 12:00:00,41.701,42.801,39.812
12-01-2024 13:00:00,41.528,39.608,40.02
12-01-2024 14:00:00,40.159,38.204,39.608
12-01-2024 15:00:00,37.299,34.084,36.986
12-01-2024 16:00:00,28.931,26.91,29.306
12-01-2024 17:00:00,25.931,24.186,26.012
12-01-2024 18:00:00,24.676,22.558,24.361
12-01-2024 19:00:00,22.249,20.201,22.179
12-01-2024 20:00:00,21.435,19.2,20.671
12-01-2024 21:00:00,19.833,17.878,18.991
12-01-2024 22:00:00,19.095,16.743,18.007
12-01-2024 23:00:00,18.529,15.941,16.467
12-02-2024 00:00:00,18.743,15.567,16.167
12-02-2024 01:00:00,17.26,14.501,15.17
12-02-2024 02:00:00,19.016,15.329,17.232
12-02-2024 03:00:00,18.411,14.296,16.264
12-02-2024 04:00:00,17.356,14.118,15.713
12-02-2024 05:00:00,16.624,13.058,13.706
12-02-2024 06:00:00,15.827,12.899,13.006
12-02-2024 07:00:00,17.116,15.09,15.161
12-02-2024 08:00:00,28.718,26.793,25.529
12-02-2024 09:00:00,41.541,40.391,36.864
12-02-2024 10:00:00,50.093,51.994,45.523
12-02-2024 11:00:00,53.715,56.802,48.561
12-02-2024 12:00:00,54.242,56.252,49.594
12-02-2024 13:00:00,49.841,43.068,46.385
12-02-2024 14:00:00,44.336,39.915,42.989
12-02-2024 15:00:00,38.533,38.26,37.861
12-02-2024 16:00:00,34.311,33.722,34.57
12-02-2024 17:00:00,34.137,33.259,34.165
12-02-2024 18:00:00,32.036,31.186,32.073
12-02-2024 19:00:00,28.884,27.262,29.116
12-02-2024 20:00:00,25.322,22.721,25.295
12-02-2024 21:00:00,24.122,21.958,24.295
12-02-2024 22:00:00,23.528,21.172,23.658
12-02-2024 23:00:00,24.269,21.773,24.405
12-03-2024 00:00:00,27.614,25.786,27.433
12-03-2024 01:00:00,26.668,25.721,26.761
12-03-2024 02:00:00,26.869,25.867,26.946
12-03-2024 03:00:00,25.85,24.323,25.873
12-03-2024 04:00:00,25.511,23.723,25.561
12-03-2024 05:00:00,23.953,21.953,23.784
12-03-2024 06:00:00,27.239,25.628,26.793
12-03-2024 07:00:00,26.926,25.515,26.59
12-03-2024 08:00:00,34.773,34.055,33.17
12-03-2024 09:00:00,43.711,44.948,40.862
12-03-2024 10:00:00,51.812,54.302,47.836
12-03-2024 11:00:00,55.799,58.769,53.118
12-03-2024 12:00:00,56.027,57.985,52.517
12-03-2024 13:00:00,52.009,47.609,49.266
12-03-2024 14:00:00,45.229,41.324,43.153
12-03-2024 15:00:00,40.322,37.745,39.729
12-03-2024 16:00:00,32.993,31.193,33.233
12-03-2024 17:00:00,31.42,29.741,31.182
12-03-2024 18:00:00,32.504,30.68,32.61
12-03-2024 19:00:00,28.441,26.241,28.546
12-03-2024 20:00:00,25.751,23.666,25.459
12-03-2024 21:00:00,22.775,21.002,22.063
12-03-2024 22:00:00,23.04,20.755,22.837
12-03-2024 23:00:00,22.036,19.523,21.14
12-04-2024 00:00:00,20.229,18.239,19.039
12-04-2024 01:00:00,19.312,17.244,18.609
12-04-2024 02:00:00,19.839,17.522,18.56
12-04-2024 03:00:00,19.786,17.198,17.993
12-04-2024 04:00:00,18.986,16.183,16.444
12-04-2024 05:00:00,18.095,15.201,15.491
12-04-2024 06:00:00,19.971,16.577,17.748
12-04-2024 07:00:00,19.631,18.241,18.115
12-04-2024 08:00:00,29.204,28.35,27.068
12-04-2024 09:00:00,38.024,37.742,35.518
12-04-2024 10:00:00,44.042,44.297,41.2
12-04-2024 11:00:00,44.549,45.755,43.02
12-04-2024 12:00:00,44.666,45.302,44.044
12-04-2024 13:00:00,51.386,47.716,51.649
12-04-2024 14:00:00,45.581,43.852,45.755
12-04-2024 15:00:00,39.973,39.268,39.726
12-04-2024 16:00:00,38.025,37.428,37.329
12-04-2024 17:00:00,37.75,37.061,37.108
12-04-2024 18:00:00,37.529,36.917,36.892
12-04-2024 19:00:00,38.139,37.347,37.414
12-04-2024 20:00:00,39.089,38.246,38.385
12-04-2024 21:00:00,39.565,38.777,38.786
12-04-2024 22:00:00,37.184,36.643,36.993
12-04-2024 23:00:00,34.657,34.099,34.586
12-05-2024 00:00:00,32.839,32.032,32.37
12-05-2024 01:00:00,32.917,32.119,32.511
12-05-2024 02:00:00,33.037,32.281,32.647
12-05-2024 03:00:00,33.082,32.327,32.672
12-05-2024 04:00:00,33.244,32.458,32.861
12-05-2024 05:00:00,33.862,32.827,33.406
12-05-2024 06:00:00,35.179,34.156,34.418
12-05-2024 07:00:00,35.037,34.412,34.512
12-05-2024 08:00:00,36.511,36.209,36.03
12-05-2024 09:00:00,43.184,43.46,41.887
12-05-2024 10:00:00,40.464,41.372,39.815
12-05-2024 11:00:00,45.871,48.031,43.276
12-05-2024 12:00:00,41.558,42.422,39.613
12-05-2024 13:00:00,41.426,40.072,39.433
12-05-2024 14:00:00,38.482,37.016,37.144
12-05-2024 15:00:00,35.579,32.74,35.398
12-05-2024 16:00:00,31.674,29.731,32.062
12-05-2024 17:00:00,30.38,28.396,30.817
12-05-2024 18:00:00,29.271,27.208,29.8
12-05-2024 19:00:00,27.847,25.733,28.504
12-05-2024 20:00:00,27.214,25.355,27.87
12-05-2024 21:00:00,26.467,24.531,27.114
12-05-2024 22:00:00,25.629,23.844,26.504
12-05-2024 23:00:00,25.881,24.012,26.558
12-06-2024 00:00:00,28.361,27.259,28.125
12-06-2024 01:00:00,25.282,24.038,25.679
12-06-2024 02:00:00,25.705,24.78,25.872
12-06-2024 03:00:00,27.902,27.046,27.701
12-06-2024 04:00:00,29.715,29.117,29.693
12-06-2024 05:00:00,28.884,28.073,29.062
12-06-2024 06:00:00,28.909,28.299,29.115
12-06-2024 07:00:00,27.236,26.351,27.847
12-06-2024 08:00:00,31.298,31.062,30.35
12-06-2024 09:00:00,37.339,38.242,34.454
12-06-2024 10:00:00,42.942,44.686,38.615
12-06-2024 11:00:00,46.476,48.718,41.573
12-06-2024 12:00:00,46.814,47.638,42.861
12-06-2024 13:00:00,46.044,37.158,42.52
12-06-2024 14:00:00,41.675,33.46,40.004
12-06-2024 15:00:00,34.778,30.069,34.726
12-06-2024 16:00:00,27.694,25.341,27.977
12-06-2024 17:00:00,23.155,20.972,23.669
12-06-2024 18:00:00,21.876,20.45,22.032
12-06-2024 19:00:00,22.957,20.644,21.162
12-06-2024 20:00:00,25.681,23.774,24.962
12-06-2024 21:00:00,26.384,25.337,26.006
12-06-2024 22:00:00,27.2,26.019,26.618
12-06-2024 23:00:00,27.64,26.76,27.698
12-07-2024 00:00:00,28.336,27.497,28.276
12-07-2024 01:00:00,28.239,27.563,28.187
12-07-2024 02:00:00,27.889,27.232,28.035
12-07-2024 03:00:00,28.105,27.323,27.82
12-07-2024 04:00:00,28.284,27.465,28.015
12-07-2024 05:00:00,28.585,27.876,28.252
12-07-2024 06:00:00,28.236,27.597,27.955
12-07-2024 07:00:00,29.164,28.615,28.676
12-07-2024 08:00:00,33.283,33.333,32.441
12-07-2024 09:00:00,38.958,39.833,37.23
12-07-2024 10:00:00,43.555,45.6,42.018
12-07-2024 11:00:00,51.285,56.029,50.219
12-07-2024 12:00:00,51.918,53.473,50.165
12-07-2024 13:00:00,48.763,45.184,47.874
12-07-2024 14:00:00,40.866,39.439,40.279
12-07-2024 15:00:00,38.222,37.4,37.779
12-07-2024 16:00:00,35.734,35.168,35.46
12-07-2024 17:00:00,34.684,34.062,34.404
12-07-2024 18:00:00,32.972,32.401,32.715
12-07-2024 19:00:00,32.717,31.63,31.797
12-07-2024 20:00:00,33.803,32.826,32.913
12-07-2024 21:00:00,33.754,32.888,33.027
12-07-2024 22:00:00,34.416,33.567,33.735
12-07-2024 23:00:00,33.454,32.445,32.869
12-08-2024 00:00:00,32.241,30.907,31.568
12-08-2024 01:00:00,33.678,32.352,32.679
12-08-2024 02:00:00,35.095,34.119,34.515
12-08-2024 03:00:00,35.964,34.999,35.405
12-08-2024 04:00:00,36.542,35.763,35.967
12-08-2024 05:00:00,36.964,36.14,36.381
12-08-2024 06:00:00,37.719,36.768,37.126
12-08-2024 07:00:00,39.301,38.231,38.533
12-08-2024 08:00:00,41.851,41.279,41.155
12-08-2024 09:00:00,48.7,48.928,47.479
12-08-2024 10:00:00,58.238,59.679,56.292
12-08-2024 11:00:00,64.775,66.795,62.898
12-08-2024 12:00:00,68.299,68.942,65.285
12-08-2024 13:00:00,58.666,58.177,57.641
12-08-2024 14:00:00,55.367,52.101,54.843
12-08-2024 15:00:00,55.37,51.024,55.481
12-08-2024 16:00:00,49.643,46.64,50.298
12-08-2024 17:00:00,45.207,41.035,45.648
12-08-2024 18:00:00,45.44,40.507,45.629
12-08-2024 19:00:00,42.389,37.325,41.256
12-08-2024 20:00:00,40.041,35.491,38.631
12-08-2024 21:00:00,38.062,33.61,36.04
12-08-2024 22:00:00,37.981,31.963,34.207
12-08-2024 23:00:00,36.28,30.36,33.536
12-09-2024 00:00:00,34.712,29.153,32.019
12-09-2024 01:00:00,34.022,28.315,31.041
12-09-2024 02:00:00,34.729,28.807,31.268
12-09-2024 03:00:00,32.872,27.908,30.264
12-09-2024 04:00:00,33.812,27.769,30.134
12-09-2024 05:00:00,33.113,27.115,29.239
12-09-2024 06:00:00,32.896,26.448,28.452
12-09-2024 07:00:00,38.694,29.761,32.427
12-09-2024 08:00:00,43.759,39.161,40.963
12-09-2024 09:00:00,48.014,47.262,46.976
12-09-2024 10:00:00,49.979,50.313,49.866
12-09-2024 11:00:00,48.957,49.379,48.248
12-09-2024 12:00:00,48.242,48.445,47.318
12-09-2024 13:00:00,49.295,49.125,48.515
12-09-2024 14:00:00,49.394,48.921,48.678
12-09-2024 15:00:00,48.692,47.975,47.885
12-09-2024 16:00:00,46.336,45.239,45.656
12-09-2024 17:00:00,46.034,44.057,44.642
12-09-2024 18:00:00,44.569,42.134,43.174
12-09-2024 19:00:00,45.686,43.008,44.498
12-09-2024 20:00:00,45.07,43.086,44.489
12-09-2024 21:00:00,45.368,43.455,44.467
12-09-2024 22:00:00,43.311,41.525,42.565
12-09-2024 23:00:00,41.868,39.752,40.547
12-10-2024 00:00:00,43.302,40.974,41.972
12-10-2024 01:00:00,44.717,42.605,43.233
12-10-2024 02:00:00,44.557,42.836,43.31
12-10-2024 03:00:00,44.625,43.269,43.599
12-10-2024 04:00:00,44.855,43.486,43.843
12-10-2024 05:00:00,45.252,43.882,44.149
12-10-2024 06:00:00,45.508,44.206,44.336
12-10-2024 07:00:00,45.949,44.953,44.843
12-10-2024 08:00:00,46.997,46.418,46.381
12-10-2024 09:00:00,48.134,47.911,47.789
12-10-2024 10:00:00,48.555,48.585,48.138
12-10-2024 11:00:00,49.492,49.549,49.121
12-10-2024 12:00:00,49.118,49.235,48.93
12-10-2024 13:00:00,48.84,48.487,48.312
12-10-2024 14:00:00,49.094,48.59,48.31
12-10-2024 15:00:00,49.393,48.877,48.717
12-10-2024 16:00:00,49.823,48.756,48.743
12-10-2024 17:00:00,49.529,48.45,48.46
12-10-2024 18:00:00,49.806,48.634,48.677
12-10-2024 19:00:00,50.29,48.987,49.057
12-10-2024 20:00:00,50.865,49.48,49.655
12-10-2024 21:00:00,52.004,50.217,50.65
12-10-2024 22:00:00,52.621,50.835,51.492
12-10-2024 23:00:00,53.038,50.705,51.302
12-11-2024 00:00:00,54.379,52.129,52.538
12-11-2024 01:00:00,56.899,54.179,55.4
12-11-2024 02:00:00,57.256,54.372,55.727
12-11-2024 03:00:00,57.526,55.258,56.107
12-11-2024 04:00:00,57.481,54.866,56.27
12-11-2024 05:00:00,58.921,56.969,57.879
12-11-2024 06:00:00,59.854,58.221,58.842
12-11-2024 07:00:00,60.367,58.832,59.326
12-11-2024 08:00:00,62.445,60.844,61.089
12-11-2024 09:00:00,65.82,63.472,64.036
12-11-2024 10:00:00,67.838,66.493,66.379
12-11-2024 11:00:00,64.747,63.335,63.52
12-11-2024 12:00:00,64.138,62.554,62.854
12-11-2024 13:00:00,63.892,62.507,62.72
12-11-2024 14:00:00,62.439,61.145,61.465
12-11-2024 15:00:00,61.581,60.209,60.605
12-11-2024 16:00:00,60.184,58.703,59.273
12-11-2024 17:00:00,57.289,56.042,56.568
12-11-2024 18:00:00,51.803,50.504,51.037
12-11-2024 19:00:00,49.19,48.204,48.628
12-11-2024 20:00:00,43.714,42.899,43.215
12-11-2024 21:00:00,41.303,40.475,40.799
12-11-2024 22:00:00,39.723,38.893,39.37
12-11-2024 23:00:00,36.967,34.656,37.189
12-12-2024 00:00:00,34.594,32.505,34.77
12-12-2024 01:00:00,33.712,31.764,33.733
12-12-2024 02:00:00,31.624,29.555,32.063
12-12-2024 03:00:00,30.257,28.091,30.457
12-12-2024 04:00:00,28.934,26.678,29.057
12-12-2024 05:00:00,27.972,25.473,27.742
12-12-2024 06:00:00,27.721,25.289,27.495
12-12-2024 07:00:00,29.329,27.205,29.331
12-12-2024 08:00:00,36.126,35.082,35.148
12-12-2024 09:00:00,43.426,43.991,41.603
12-12-2024 10:00:00,44.79,46.308,42.524
12-12-2024 11:00:00,49.676,50.193,45.685
12-12-2024 12:00:00,51.387,52.005,48.423
12-12-2024 13:00:00,48.893,41.153,47.828
12-12-2024 14:00:00,45.392,37.431,44.202
12-12-2024 15:00:00,39.069,34.376,39.712
12-12-2024 16:00:00,33.123,31.198,33.764
12-12-2024 17:00:00,29.731,27.542,30.632
12-12-2024 18:00:00,30.077,28.186,30.545
12-12-2024 19:00:00,27.872,26.067,28.434
12-12-2024 20:00:00,25.737,23.766,26.525
12-12-2024 21:00:00,25.446,23.153,26.114
12-12-2024 22:00:00,23.137,21.433,24.111
12-12-2024 23:00:00,21.285,19.376,21.808
12-13-2024 00:00:00,18.813,17,18.522
12-13-2024 01:00:00,18.182,16.269,17.833
12-13-2024 02:00:00,19.139,16.906,18.307
12-13-2024 03:00:00,21.993,20.694,21.352
12-13-2024 04:00:00,22.407,21.709,21.776
12-13-2024 05:00:00,19.723,18.457,19.123
12-13-2024 06:00:00,21.322,19.352,21.994
12-13-2024 07:00:00,22.626,21.346,23.137
12-13-2024 08:00:00,28.91,28.932,28.048
12-13-2024 09:00:00,36.322,36.664,33.433
12-13-2024 10:00:00,44.292,44.965,39.615
12-13-2024 11:00:00,47.534,49.145,42.598
12-13-2024 12:00:00,48.538,48.732,44.733
12-13-2024 13:00:00,46.438,37.075,44.044
12-13-2024 14:00:00,42.268,31.472,40.366
12-13-2024 15:00:00,34.164,28.216,34.777
12-13-2024 16:00:00,25.314,23.145,26.073
12-13-2024 17:00:00,22.203,20.751,23.564
12-13-2024 18:00:00,21.431,19.641,22.001
12-13-2024 19:00:00,20.399,18.148,21.313
12-13-2024 20:00:00,20.777,18.714,22.936
12-13-2024 21:00:00,20.538,19.318,22.732
12-13-2024 22:00:00,20.365,19.217,22.097
12-13-2024 23:00:00,19.161,18.384,20.891
12-14-2024 00:00:00,17.659,16.698,19.264
12-14-2024 01:00:00,17.984,16.791,19.021
12-14-2024 02:00:00,17.527,16.619,17.934
12-14-2024 03:00:00,16.969,15.284,17.875
12-14-2024 04:00:00,16.553,14.71,16.793
12-14-2024 05:00:00,17.051,16.225,17.081
12-14-2024 06:00:00,16.997,16.427,17.12
12-14-2024 07:00:00,17.65,16.782,18.045
12-14-2024 08:00:00,23.49,25.006,24.385
12-14-2024 09:00:00,32.878,35.435,33.483
12-14-2024 10:00:00,39.671,43.123,39.265
12-14-2024 11:00:00,45.278,49.323,45.998
12-14-2024 12:00:00,48.164,49.88,50.546
12-14-2024 13:00:00,46.555,37.468,53.21
12-14-2024 14:00:00,42.658,31.086,46.498
12-14-2024 15:00:00,33.065,28.263,34.3
12-14-2024 16:00:00,27.825,23.707,25.409
12-14-2024 17:00:00,24.848,19.826,21.274
12-14-2024 18:00:00,22.515,18.068,19.492
12-14-2024 19:00:00,22.974,16.937,18.846
12-14-2024 20:00:00,21.247,16.788,18.201
12-14-2024 21:00:00,18.312,15.828,16.961
12-14-2024 22:00:00,20.878,16.429,18.388
12-14-2024 23:00:00,21.329,18.942,20.769
12-15-2024 00:00:00,21.946,20.824,21.425
12-15-2024 01:00:00,21.897,20.688,20.637
12-15-2024 02:00:00,20.965,20.13,20.497
12-15-2024 03:00:00,20.71,19.426,20.918
12-15-2024 04:00:00,20.503,19.382,20.407
12-15-2024 05:00:00,20.771,19.26,19.824
12-15-2024 06:00:00,21.265,19.474,19.915
12-15-2024 07:00:00,23.351,21.665,21.452
12-15-2024 08:00:00,27.909,28.294,27.645
12-15-2024 09:00:00,34.496,36.603,34.589
12-15-2024 10:00:00,38.506,40.416,38.972
12-15-2024 11:00:00,40.091,41.982,40.885
12-15-2024 12:00:00,40.838,42.621,41.991
12-15-2024 13:00:00,39.616,40.361,39.911
12-15-2024 14:00:00,39.736,40.262,39.574
12-15-2024 15:00:00,38.55,38.423,37.97
12-15-2024 16:00:00,36.309,35.689,35.116
12-15-2024 17:00:00,34.755,33.337,33.233
12-15-2024 18:00:00,35.633,34.563,34.088
12-15-2024 19:00:00,35.997,35.294,34.906
12-15-2024 20:00:00,36.232,35.35,34.85
12-15-2024 21:00:00,36.942,35.752,34.944
12-15-2024 22:00:00,37.577,36.339,35.593
12-15-2024 23:00:00,36.604,35.227,34.89
12-16-2024 00:00:00,36.792,35.306,34.944
12-16-2024 01:00:00,37.721,36.372,35.935
12-16-2024 02:00:00,38.551,37.428,37.013
12-16-2024 03:00:00,39.465,38.537,38.302
12-16-2024 04:00:00,39.437,38.934,38.911
12-16-2024 05:00:00,41.038,39.941,39.709
12-16-2024 06:00:00,40.962,40.423,40.356
12-16-2024 07:00:00,40.182,39.659,39.538
12-16-2024 08:00:00,42.35,41.996,41.525
12-16-2024 09:00:00,44.951,44.711,44.141
12-16-2024 10:00:00,48.573,48.938,47.883
12-16-2024 11:00:00,50.359,51.089,50.291
12-16-2024 12:00:00,51.991,52.769,51.658
12-16-2024 13:00:00,52.547,53.214,51.937
12-16-2024 14:00:00,52.872,53.258,52.59
12-16-2024 15:00:00,51.878,51.512,51.398
12-16-2024 16:00:00,49.734,48.891,48.833
12-16-2024 17:00:00,49.12,47.921,48.071
12-16-2024 18:00:00,49.074,47.778,48.088
12-16-2024 19:00:00,48.482,47.388,47.692
12-16-2024 20:00:00,48.077,46.958,47.262
12-16-2024 21:00:00,48.59,47.342,47.8
12-16-2024 22:00:00,49.044,47.78,48.153
12-16-2024 23:00:00,50.019,48.732,49.032
12-17-2024 00:00:00,50.998,49.78,50.128
12-17-2024 01:00:00,51.341,50.12,50.459
12-17-2024 02:00:00,51.608,50.439,50.797
12-17-2024 03:00:00,51.564,50.419,50.84
12-17-2024 04:00:00,51.542,50.379,50.833
12-17-2024 05:00:00,51.539,50.352,50.84
12-17-2024 06:00:00,51.231,50.047,50.521
12-17-2024 07:00:00,51.286,50.132,50.527
12-17-2024 08:00:00,52.785,51.757,51.507
12-17-2024 09:00:00,55.694,55.529,54.509
12-17-2024 10:00:00,59.879,60.324,57.822
12-17-2024 11:00:00,63.017,63.11,61.198
12-17-2024 12:00:00,65.636,64.413,63.123
12-17-2024 13:00:00,69.129,60.694,66.608
12-17-2024 14:00:00,64.241,55.244,63.124
12-17-2024 15:00:00,58.372,51.955,58.805
12-17-2024 16:00:00,50.186,46.557,50.407
12-17-2024 17:00:00,47.498,43.541,47.983
12-17-2024 18:00:00,45.898,42.438,46.449
12-17-2024 19:00:00,44.418,39.197,44.99
12-17-2024 20:00:00,43.568,40.144,44.887
12-17-2024 21:00:00,44.044,40.268,44.706
12-17-2024 22:00:00,43.166,39.588,43.767
12-17-2024 23:00:00,41.213,36.182,39.971
12-18-2024 00:00:00,40.43,34.01,39.182
12-18-2024 01:00:00,39.688,33.548,38.836
12-18-2024 02:00:00,37.88,31.642,35.071
12-18-2024 03:00:00,35.823,30.252,33.274
12-18-2024 04:00:00,33.211,28.681,30.656
12-18-2024 05:00:00,32.182,27.022,29.467
12-18-2024 06:00:00,30.165,26.4,28.17
12-18-2024 07:00:00,31.345,27.231,29.202
12-18-2024 08:00:00,38.828,34.812,35.838
12-18-2024 09:00:00,52.26,47.219,49.175
12-18-2024 10:00:00,63.992,60.818,61.835
12-18-2024 11:00:00,69.013,67.581,68.821
12-18-2024 12:00:00,72.356,70.433,73.169
12-18-2024 13:00:00,64.849,63.299,65.573
12-18-2024 14:00:00,58.393,57.323,57.943
12-18-2024 15:00:00,54.986,53.971,54.312
12-18-2024 16:00:00,53.099,51.781,52.097
12-18-2024 17:00:00,52.374,50.735,51.312
12-18-2024 18:00:00,48.205,46.867,47.555
12-18-2024 19:00:00,46.862,45.537,45.898
12-18-2024 20:00:00,47.103,45.643,46.03
12-18-2024 21:00:00,46.248,44.91,45.373
12-18-2024 22:00:00,45.647,44.353,44.79
12-18-2024 23:00:00,45.357,44.131,44.542
12-19-2024 00:00:00,44.274,43.064,43.635
12-19-2024 01:00:00,43.123,41.86,42.673
12-19-2024 02:00:00,41.656,40.491,41.666
12-19-2024 03:00:00,40.109,38.19,40.302
12-19-2024 04:00:00,39.29,37.962,39.417
12-19-2024 05:00:00,34.52,32.944,35.712
12-19-2024 06:00:00,33.133,30.931,34.082
12-19-2024 07:00:00,32.382,29.873,32.243
12-19-2024 08:00:00,38.785,36.818,37.77
12-19-2024 09:00:00,49.857,48.85,47.013
12-19-2024 10:00:00,55.656,54.594,50.45
12-19-2024 11:00:00,63.026,62.724,56.789
12-19-2024 12:00:00,62.374,62.051,56.684
12-19-2024 13:00:00,55.154,54.094,51.563
12-19-2024 14:00:00,46.75,45.585,45.064
12-19-2024 15:00:00,41.897,40.827,41.148
12-19-2024 16:00:00,37.177,35.986,37.319
12-19-2024 17:00:00,34.68,33.141,34.866
12-19-2024 18:00:00,35.222,33.238,34.173
12-19-2024 19:00:00,36.023,34.857,35.878
12-19-2024 20:00:00,34.55,33.236,34.366
12-19-2024 21:00:00,33.972,32.504,33.6
12-19-2024 22:00:00,33.434,31.903,32.387
12-19-2024 23:00:00,32.978,32.041,32.849
12-20-2024 00:00:00,33.628,32.9,33.369
12-20-2024 01:00:00,34.125,33.203,33.46
12-20-2024 02:00:00,34.086,33.019,33.234
12-20-2024 03:00:00,33.733,33.004,33.254
12-20-2024 04:00:00,33.927,33.284,33.463
12-20-2024 05:00:00,34.352,33.849,33.965
12-20-2024 06:00:00,34.695,34.085,34.09
12-20-2024 07:00:00,34.849,34.305,34.264
12-20-2024 08:00:00,35.676,35.332,35.01
12-20-2024 09:00:00,35.573,35.234,35.066
12-20-2024 10:00:00,35.028,34.785,34.592
12-20-2024 11:00:00,36.665,36.655,36.556
12-20-2024 12:00:00,36.721,36.563,36.532
12-20-2024 13:00:00,34.327,34.197,33.829
12-20-2024 14:00:00,33.722,33.734,33.285
12-20-2024 15:00:00,33.726,33.51,33.374
12-20-2024 16:00:00,32.882,32.2,32.444
12-20-2024 17:00:00,32.801,32.006,32.252
12-20-2024 18:00:00,32.753,32.003,32.246
12-20-2024 19:00:00,32.807,32.028,32.248
12-20-2024 20:00:00,32.731,31.981,32.181
12-20-2024 21:00:00,32.677,31.938,32.134
12-20-2024 22:00:00,32.682,31.874,31.99
12-20-2024 23:00:00,32.571,31.788,31.894
12-21-2024 00:00:00,32.495,31.726,31.724
12-21-2024 01:00:00,32.44,31.623,31.583
12-21-2024 02:00:00,32.421,31.618,31.541
12-21-2024 03:00:00,32.429,31.62,31.573
12-21-2024 04:00:00,32.439,31.66,31.624
12-21-2024 05:00:00,32.326,31.507,31.378
12-21-2024 06:00:00,32.122,31.369,31.05
12-21-2024 07:00:00,31.653,31.133,30.193
12-21-2024 08:00:00,30.284,30.921,27.869
12-21-2024 09:00:00,31.192,31.179,28.575
12-21-2024 10:00:00,31.153,31.296,29.549
12-21-2024 11:00:00,31.346,31.286,30.137
12-21-2024 12:00:00,30.467,31.1,30.15
12-21-2024 13:00:00,30.499,30.849,31.179
12-21-2024 14:00:00,27.979,29.386,28.602
12-21-2024 15:00:00,24.292,27.188,24.807
12-21-2024 16:00:00,21.794,25.844,23.039
12-21-2024 17:00:00,19.564,24.443,21.202
12-21-2024 18:00:00,18.62,23.268,20.329
12-21-2024 19:00:00,16.919,21.922,18.662
12-21-2024 20:00:00,15.843,20.79,17.511
12-21-2024 21:00:00,14.776,19.684,16.423
12-21-2024 22:00:00,13.8,18.812,15.474
12-21-2024 23:00:00,13.016,18.047,14.742
12-22-2024 00:00:00,11.972,16.841,13.158
12-22-2024 01:00:00,11.533,15.904,12.886
12-22-2024 02:00:00,11.627,15.654,12.926
12-22-2024 03:00:00,9.757,15.01,11.07
12-22-2024 04:00:00,7.778,13.722,8.244
12-22-2024 05:00:00,7.225,12.471,6.837
12-22-2024 06:00:00,7.05,11.907,6.871
12-22-2024 07:00:00,6.638,11.501,7.381
12-22-2024 08:00:00,13.938,14.172,13.649
12-22-2024 09:00:00,21.366,18.454,18.762
12-22-2024 10:00:00,28.101,22.114,23.002
12-22-2024 11:00:00,31.427,24.854,26.159
12-22-2024 12:00:00,34.517,25.672,28.527
12-22-2024 13:00:00,34.15,23.272,27.521
12-22-2024 14:00:00,31.133,21.225,25.228
12-22-2024 15:00:00,23.493,20.75,21.495
12-22-2024 16:00:00,15.431,19.143,15.476
12-22-2024 17:00:00,11.592,16.932,11.969
12-22-2024 18:00:00,10.892,15.759,11.875
12-22-2024 19:00:00,11.078,15.468,12.356
12-22-2024 20:00:00,10.41,15.207,11.559
12-22-2024 21:00:00,9.027,14.404,10.596
12-22-2024 22:00:00,7.626,13.242,9.163
12-22-2024 23:00:00,7.134,12.511,8.533
12-23-2024 00:00:00,6.611,11.704,6.566
12-23-2024 01:00:00,5.772,10.987,6.365
12-23-2024 02:00:00,5.108,10.459,6.202
12-23-2024 03:00:00,4.725,9.851,5.323
12-23-2024 04:00:00,3.785,9.407,4.226
12-23-2024 05:00:00,4.651,8.643,4.513
12-23-2024 06:00:00,5.293,9.382,5.286
12-23-2024 07:00:00,5.243,9.635,5.392
12-23-2024 08:00:00,11.774,11.61,11.336
12-23-2024 09:00:00,25.305,15.766,22.097
12-23-2024 10:00:00,38.296,21.466,30.853
12-23-2024 11:00:00,43.823,26.523,37.334
12-23-2024 12:00:00,48.003,28.332,46.926
12-23-2024 13:00:00,44.385,26.903,46.067
12-23-2024 14:00:00,37.34,24.482,38.85
12-23-2024 15:00:00,27.232,24.179,28.382
12-23-2024 16:00:00,20.104,22.933,20.316
12-23-2024 17:00:00,18.433,21.585,18.324
12-23-2024 18:00:00,19.621,21.757,19.144
12-23-2024 19:00:00,19.461,21.501,18.449
12-23-2024 20:00:00,19.671,21.514,18.825
12-23-2024 21:00:00,21.221,21.816,20.251
12-23-2024 22:00:00,21.033,22.757,20.329
12-23-2024 23:00:00,20.31,22.457,19.552
12-24-2024 00:00:00,19.52,21.745,18.336
12-24-2024 01:00:00,20.633,21.535,19.172
12-24-2024 02:00:00,19.784,21.462,18.575
12-24-2024 03:00:00,19.493,21.273,18.129
12-24-2024 04:00:00,19.414,20.998,18.285
12-24-2024 05:00:00,22.176,21.927,20.547
12-24-2024 06:00:00,25.093,24.086,23.425
12-24-2024 07:00:00,25.491,25.444,24.523
12-24-2024 08:00:00,25.658,25.963,25.094
12-24-2024 09:00:00,27.792,27.703,27.649
12-24-2024 10:00:00,31.327,30.615,31.065
12-24-2024 11:00:00,32.293,31.729,31.884
12-24-2024 12:00:00,32.885,32.239,33.169
12-24-2024 13:00:00,33.739,32.809,34.227
12-24-2024 14:00:00,34.888,33.112,41.071
12-24-2024 15:00:00,41.414,33.178,43.893
12-24-2024 16:00:00,36.631,32.775,36.2
12-24-2024 17:00:00,36.058,32.655,35.222
12-24-2024 18:00:00,34.43,32.454,33.652
12-24-2024 19:00:00,34.016,32.401,33.519
12-24-2024 20:00:00,31.654,32.303,31.917
12-24-2024 21:00:00,30.764,31.878,29.488
12-24-2024 22:00:00,28.786,31.686,27.887
12-24-2024 23:00:00,27.772,31.435,27.112
12-25-2024 00:00:00,28.324,30.756,28.366
12-25-2024 01:00:00,31.484,30.329,31.289
12-25-2024 02:00:00,33.123,31.477,31.562
12-25-2024 03:00:00,32.971,31.45,30.549
12-25-2024 04:00:00,32.211,31.226,30.199
12-25-2024 05:00:00,31.25,30.796,29.022
12-25-2024 06:00:00,31.261,29.996,28.822
12-25-2024 07:00:00,32.135,30.756,31.082
12-25-2024 08:00:00,34.209,31.58,32.853
12-25-2024 09:00:00,37.106,31.965,35.436
12-25-2024 10:00:00,41.435,32.152,40.75
12-25-2024 11:00:00,44.475,32.301,41.775
12-25-2024 12:00:00,42.712,32.367,39.665
12-25-2024 13:00:00,42.047,32.43,39.754
12-25-2024 14:00:00,40.473,32.451,38.325
12-25-2024 15:00:00,34.319,32.246,33.632
12-25-2024 16:00:00,27.119,31.802,27.151
12-25-2024 17:00:00,25.295,31.258,23.712
12-25-2024 18:00:00,24.297,29.626,22.45
12-25-2024 19:00:00,24.992,25.197,22.163
12-25-2024 20:00:00,25.859,24.182,22.708
12-25-2024 21:00:00,23.956,24.47,23.63
12-25-2024 22:00:00,24.293,24.273,22.904
12-25-2024 23:00:00,23.474,24.181,23.271
12-26-2024 00:00:00,24.051,24.668,23.68
12-26-2024 01:00:00,22.851,24.414,22.786
12-26-2024 02:00:00,21.965,23.848,21.606
12-26-2024 03:00:00,21.877,23.612,21.462
12-26-2024 04:00:00,19.282,22.224,19.657
12-26-2024 05:00:00,19.121,21.501,19.698
12-26-2024 06:00:00,17.965,20.991,18.166
12-26-2024 07:00:00,18.691,20.717,19.067
12-26-2024 08:00:00,23.605,22.715,23.687
12-26-2024 09:00:00,31.232,26.896,32.993
12-26-2024 10:00:00,44.437,31.329,43.229
12-26-2024 11:00:00,54.788,32.489,53.886
12-26-2024 12:00:00,57.608,32.845,56.361
12-26-2024 13:00:00,54.821,32.556,53.96
12-26-2024 14:00:00,50.355,32.596,51.671
12-26-2024 15:00:00,39.982,32.436,41.407
12-26-2024 16:00:00,29.152,31.963,28.877
12-26-2024 17:00:00,26.789,29.667,24.961
12-26-2024 18:00:00,25.649,26.257,24.01
12-26-2024 19:00:00,22.958,23.376,20.668
12-26-2024 20:00:00,22.964,21.947,19.775
12-26-2024 21:00:00,21.094,20.921,18.561
12-26-2024 22:00:00,19.241,19.894,17.444
12-26-2024 23:00:00,22.021,19.483,18.098
12-27-2024 00:00:00,23.285,18.725,17.191
12-27-2024 01:00:00,22.209,18.288,16.585
12-27-2024 02:00:00,18.933,17.969,15.598
12-27-2024 03:00:00,19.68,17.63,15.459
12-27-2024 04:00:00,20.029,17.586,15.546
12-27-2024 05:00:00,19.383,17.523,15.226
12-27-2024 06:00:00,18.107,17.47,15.155
12-27-2024 07:00:00,18.879,17.954,16.684
12-27-2024 08:00:00,28.62,22.172,25.208
12-27-2024 09:00:00,36.117,28.002,32.231
12-27-2024 10:00:00,48.168,32.288,46.507
12-27-2024 11:00:00,57.119,33.301,56.739
12-27-2024 12:00:00,61.185,33.879,60.428
12-27-2024 13:00:00,59.977,33.923,58.302
12-27-2024 14:00:00,57.785,34.123,56.037
12-27-2024 15:00:00,47,34.052,46.862
12-27-2024 16:00:00,36.324,33.112,35.578
12-27-2024 17:00:00,34.101,31.334,31.709
12-27-2024 18:00:00,34.303,30.084,31.119
12-27-2024 19:00:00,34.54,31.241,32.43
12-27-2024 20:00:00,31.71,28.266,29.365
12-27-2024 21:00:00,31.341,27.793,28.76
12-27-2024 22:00:00,35.794,31.281,33.124
12-27-2024 23:00:00,37.653,32.221,35.08
12-28-2024 00:00:00,38.004,33.132,35.64
12-28-2024 01:00:00,38.279,33.928,35.73
12-28-2024 02:00:00,38.526,34.927,36.158
12-28-2024 03:00:00,39.632,36.409,37.246
12-28-2024 04:00:00,39.829,36.56,37.143
12-28-2024 05:00:00,39.227,36.627,36.592
12-28-2024 06:00:00,38.497,36.351,36.374
12-28-2024 07:00:00,39.167,37.209,37.001
12-28-2024 08:00:00,41.013,39.677,39.397
12-28-2024 09:00:00,41.379,40.455,40.289
12-28-2024 10:00:00,43.758,42.825,42.478
12-28-2024 11:00:00,47.143,45.667,45.599
12-28-2024 12:00:00,49.638,48.026,48.06
12-28-2024 13:00:00,49.283,47.986,47.898
12-28-2024 14:00:00,48.669,47.589,47.487
12-28-2024 15:00:00,47.686,46.756,46.723
12-28-2024 16:00:00,46.541,45.46,45.54
12-28-2024 17:00:00,46.25,44.814,45.108
12-28-2024 18:00:00,46.463,44.841,45.283
12-28-2024 19:00:00,46.361,44.58,45.047
12-28-2024 20:00:00,46.43,44.602,45.137
12-28-2024 21:00:00,46.909,44.755,45.298
12-28-2024 22:00:00,47.576,44.837,45.519
12-28-2024 23:00:00,47.538,44.622,45.274
12-29-2024 00:00:00,46.466,44.45,44.992
12-29-2024 01:00:00,46.953,44.866,45.338
12-29-2024 02:00:00,46.635,44.454,44.961
12-29-2024 03:00:00,46.31,44.207,44.716
12-29-2024 04:00:00,46.431,44.675,44.94
12-29-2024 05:00:00,47.195,45.432,45.588
12-29-2024 06:00:00,48.011,46.425,46.461
12-29-2024 07:00:00,48.428,46.895,46.965
12-29-2024 08:00:00,50.766,49.495,49.176
12-29-2024 09:00:00,55.729,54.351,53.816
12-29-2024 10:00:00,72.28,69.557,70.28
12-29-2024 11:00:00,75.284,76.351,76.468
12-29-2024 12:00:00,75.696,76.207,76.33
12-29-2024 13:00:00,73.385,71.902,73.983
12-29-2024 14:00:00,70.196,66.045,69.801
12-29-2024 15:00:00,66.683,64.143,66.169
12-29-2024 16:00:00,61.879,59.949,60.83
12-29-2024 17:00:00,60.819,58.882,59.73
12-29-2024 18:00:00,59.213,57.478,58.398
12-29-2024 19:00:00,58.688,56.783,57.869
12-29-2024 20:00:00,59.262,57.454,58.384
12-29-2024 21:00:00,59.743,57.982,58.862
12-29-2024 22:00:00,59.865,58.196,59.008
12-29-2024 23:00:00,58.506,56.973,57.677
12-30-2024 00:00:00,58.505,57.003,57.601
12-30-2024 01:00:00,58.482,56.944,57.552
12-30-2024 02:00:00,57.942,56.245,56.956
12-30-2024 03:00:00,57.917,55.963,56.698
12-30-2024 04:00:00,57.566,55.514,56.275
12-30-2024 05:00:00,56.683,54.774,55.689
12-30-2024 06:00:00,55.525,53.613,54.588
12-30-2024 07:00:00,55.467,53.508,54.33
12-30-2024 08:00:00,56.619,54.666,55.195
12-30-2024 09:00:00,59.945,58.98,58.125
12-30-2024 10:00:00,66.105,67.076,63.511
12-30-2024 11:00:00,67.708,68.679,65.013
12-30-2024 12:00:00,66.893,67.574,65.812
12-30-2024 13:00:00,63.589,61.393,60.801
12-30-2024 14:00:00,60.09,56.654,58.413
12-30-2024 15:00:00,55.737,54.2,54.83
12-30-2024 16:00:00,52.317,50.16,51.941
12-30-2024 17:00:00,46.757,43.62,46.666
12-30-2024 18:00:00,44.626,40.412,43.843
12-30-2024 19:00:00,43.715,38.836,42.895
12-30-2024 20:00:00,43.196,37.617,42.494
12-30-2024 21:00:00,40.475,35.394,38.37
12-30-2024 22:00:00,40.322,34.273,38.447
12-30-2024 23:00:00,40.128,33.812,38.421
12-31-2024 00:00:00,37.556,33.365,35.917
12-31-2024 01:00:00,36.355,31.011,33.379
12-31-2024 02:00:00,34.864,30.085,31.781
12-31-2024 03:00:00,34.493,28.176,30.232
12-31-2024 04:00:00,32.949,26.878,28.908
12-31-2024 05:00:00,32.703,25.373,27.727
12-31-2024 06:00:00,29.207,24.62,26.316
12-31-2024 07:00:00,29.171,25.007,27.113
12-31-2024 08:00:00,37.096,32.941,34.066
12-31-2024 09:00:00,51.523,46.152,48.104
12-31-2024 10:00:00,59.554,59.106,61.525
12-31-2024 11:00:00,66.335,66.775,69.614
12-31-2024 12:00:00,62.843,60.92,62.328
12-31-2024 13:00:00,60.928,57.27,61.331
12-31-2024 14:00:00,57.043,55.254,56.976
12-31-2024 15:00:00,55.112,53.365,54.635
12-31-2024 16:00:00,50.841,49.05,49.767
12-31-2024 17:00:00,48.84,46.369,47.006
12-31-2024 18:00:00,48.59,46.102,46.76
12-31-2024 19:00:00,47.269,45.989,46.477
12-31-2024 20:00:00,46.807,45.587,45.945
12-31-2024 21:00:00,47.172,45.862,46.245
12-31-2024 22:00:00,46.667,45,45.529
12-31-2024 23:00:00,43.599,40.986,42.374
01-01-2025 00:00:00,43.359,40.213,42.706
01-01-2025 01:00:00,44.475,42.372,43.73
01-01-2025 02:00:00,45.899,44.476,45.071
01-01-2025 03:00:00,45.902,44.713,45.188
01-01-2025 04:00:00,44.484,43.113,44.052
01-01-2025 05:00:00,44.564,43.39,44.156
01-01-2025 06:00:00,44.037,42.723,43.615
01-01-2025 07:00:00,43.424,41.997,42.788
01-01-2025 08:00:00,47.015,46.245,45.959
01-01-2025 09:00:00,50.822,50.175,49.268
01-01-2025 10:00:00,54.146,54.354,51.815
01-01-2025 11:00:00,53.881,55.068,51.371
01-01-2025 12:00:00,51.755,52.434,49.143
01-01-2025 13:00:00,48.377,48.415,46.962
01-01-2025 14:00:00,49.816,48.223,48.193
01-01-2025 15:00:00,46.392,44.159,45.826
01-01-2025 16:00:00,43.242,40.736,43.161
01-01-2025 17:00:00,40.274,37.824,40.64
01-01-2025 18:00:00,40.056,37.365,40.468
01-01-2025 19:00:00,39.092,36.423,39.437
01-01-2025 20:00:00,37.898,35.195,38.095
01-01-2025 21:00:00,35.674,33.159,36.125
01-01-2025 22:00:00,35.521,33.072,35.917
01-01-2025 23:00:00,34.516,32.177,34.706
01-02-2025 00:00:00,33.767,31.544,34.136
01-02-2025 01:00:00,33.89,31.922,34.567
01-02-2025 02:00:00,34.339,32.391,34.596
01-02-2025 03:00:00,35.219,33.526,35.174
01-02-2025 04:00:00,31.87,29.735,32.307
01-02-2025 05:00:00,31.875,29.728,32.056
01-02-2025 06:00:00,32.244,30.166,32.426
01-02-2025 07:00:00,31.066,29.193,31.504
01-02-2025 08:00:00,35.938,34.811,35.208
01-02-2025 09:00:00,43.721,44.231,41.979
01-02-2025 10:00:00,48.02,49.907,45.167
01-02-2025 11:00:00,52.485,55.358,48.686
01-02-2025 12:00:00,49.276,50.697,46.589
01-02-2025 13:00:00,44.337,44.451,42.313
01-02-2025 14:00:00,41.976,42.035,40.578
01-02-2025 15:00:00,38.998,38.2,38.173
01-02-2025 16:00:00,35.34,33.766,35.401
01-02-2025 17:00:00,32.453,30.613,32.98
01-02-2025 18:00:00,31.938,30.182,32.12
01-02-2025 19:00:00,31.287,29.415,31.223
01-02-2025 20:00:00,30.86,28.977,30.91
01-02-2025 21:00:00,28.1,26.591,28.898
01-02-2025 22:00:00,27.755,25.584,28.422
01-02-2025 23:00:00,30.277,28.616,30.477
01-03-2025 00:00:00,30.646,29.358,30.794
01-03-2025 01:00:00,30.442,28.8,30.574
01-03-2025 02:00:00,29.151,27.75,29.703
01-03-2025 03:00:00,29.684,28.302,29.744
01-03-2025 04:00:00,28.416,26.888,28.584
01-03-2025 05:00:00,26.035,24.554,26.388
01-03-2025 06:00:00,24.383,22.484,24.673
01-03-2025 07:00:00,25.192,23.39,25.497
01-03-2025 08:00:00,29.148,27.96,28.412
01-03-2025 09:00:00,38.099,38.722,36.609
01-03-2025 10:00:00,41.507,43.233,39.191
01-03-2025 11:00:00,47.897,51.138,45.902
01-03-2025 12:00:00,48.797,49.951,45.892
01-03-2025 13:00:00,47.817,45.948,46.671
01-03-2025 14:00:00,44.516,39.247,42.87
01-03-2025 15:00:00,37.775,37.505,37.162
01-03-2025 16:00:00,33.808,33.748,33.547
01-03-2025 17:00:00,30.993,30.816,30.559
01-03-2025 18:00:00,26.617,25.833,26.52
01-03-2025 19:00:00,28.203,26.129,26.826
01-03-2025 20:00:00,26.275,25.138,25.963
01-03-2025 21:00:00,24.244,21.958,23.805
01-03-2025 22:00:00,23.89,22.127,24.005
01-03-2025 23:00:00,23.98,21.786,23.785
01-04-2025 00:00:00,23.984,21.792,24.157
01-04-2025 01:00:00,23.957,22.379,23.93
01-04-2025 02:00:00,25.756,24.897,25.749
01-04-2025 03:00:00,27.014,25.148,26.808
01-04-2025 04:00:00,24.868,23.341,24.985
01-04-2025 05:00:00,23.99,22.053,24.134
01-04-2025 06:00:00,24.207,22.111,24.304
01-04-2025 07:00:00,24.096,22.108,24.328
01-04-2025 08:00:00,29.887,27.239,29.2
01-04-2025 09:00:00,33.671,30.301,32.427
01-04-2025 10:00:00,38.93,34.071,35.605
01-04-2025 11:00:00,37.865,38.33,35.196
01-04-2025 12:00:00,38.663,40.238,36.161
01-04-2025 13:00:00,37.432,36.603,35.71
01-04-2025 14:00:00,35.789,32.47,34.485
01-04-2025 15:00:00,32.554,29.592,32.287
01-04-2025 16:00:00,27.716,25.855,27.846
01-04-2025 17:00:00,27.394,25.971,27.488
01-04-2025 18:00:00,25.395,23.844,25.701
01-04-2025 19:00:00,25.945,24.522,26.021
01-04-2025 20:00:00,24.108,22.439,24.863
01-04-2025 21:00:00,24.735,23.25,24.958
01-04-2025 22:00:00,24.934,23.784,24.806
01-04-2025 23:00:00,22.443,20.508,22.742
01-05-2025 00:00:00,24.148,22.808,24.177
01-05-2025 01:00:00,25.083,24.199,24.844
01-05-2025 02:00:00,25.125,24.329,24.975
01-05-2025 03:00:00,23.978,23.289,24.285
01-05-2025 04:00:00,20.315,18.984,21.134
01-05-2025 05:00:00,21.292,20.038,21.585
01-05-2025 06:00:00,21.081,19.506,21.448
01-05-2025 07:00:00,21.277,19.922,21.69
01-05-2025 08:00:00,26.201,25.8,25.492
01-05-2025 09:00:00,34.495,35.17,32.085
01-05-2025 10:00:00,37.753,40.835,35.162
01-05-2025 11:00:00,42.653,45.573,39.114
01-05-2025 12:00:00,43.66,46.215,41.134
01-05-2025 13:00:00,42.954,39.344,41.548
01-05-2025 14:00:00,40.326,32.182,39.345
01-05-2025 15:00:00,34.7,29.729,34.523
01-05-2025 16:00:00,27.9,25.571,28.064
01-05-2025 17:00:00,23.501,21.912,24.195
01-05-2025 18:00:00,23.156,20.893,23.758
01-05-2025 19:00:00,21.515,19.822,21.791
01-05-2025 20:00:00,22.389,20.377,22.663
01-05-2025 21:00:00,23.162,21.77,23.126
01-05-2025 22:00:00,22.883,21.737,22.765
01-05-2025 23:00:00,23.394,22.384,23.51
01-06-2025 00:00:00,23.791,22.877,23.48
01-06-2025 01:00:00,23.997,23.425,23.578
01-06-2025 02:00:00,23.786,23.108,23.335
01-06-2025 03:00:00,21.893,21.136,21.364
01-06-2025 04:00:00,23.924,23.406,23.309
01-06-2025 05:00:00,25.18,24.844,24.584
01-06-2025 06:00:00,25.582,25.467,25.073
01-06-2025 07:00:00,25.642,25.79,25.074
01-06-2025 08:00:00,25.286,25.295,24.55
01-06-2025 09:00:00,26.313,25.881,25.161
01-06-2025 10:00:00,26.586,26.581,26.003
01-06-2025 11:00:00,26.931,26.907,26.115
01-06-2025 12:00:00,27.903,27.931,27.303
01-06-2025 13:00:00,28.774,29.057,28.659
01-06-2025 14:00:00,29.434,29.688,29.597
01-06-2025 15:00:00,29.393,29.618,29.141
01-06-2025 16:00:00,29.129,28.982,28.544
01-06-2025 17:00:00,28.836,28.686,28.372
01-06-2025 18:00:00,28.718,28.763,28.481
01-06-2025 19:00:00,28.673,28.715,28.542
01-06-2025 20:00:00,27.949,28.044,28.071
01-06-2025 21:00:00,26.868,27.123,27.14
01-06-2025 22:00:00,24.482,25.891,25.755
01-06-2025 23:00:00,22.861,23.654,23.278
01-07-2025 00:00:00,18.709,20.473,19.914
01-07-2025 01:00:00,14.39,17.413,17.367
01-07-2025 02:00:00,15.22,17.321,17.864
01-07-2025 03:00:00,17.449,18.393,18.707
01-07-2025 04:00:00,19.339,19.622,19.708
01-07-2025 05:00:00,18.861,20.319,20.215
01-07-2025 06:00:00,18.05,19.839,20.106
01-07-2025 07:00:00,18.639,19.762,19.751
01-07-2025 08:00:00,22.276,21.343,21.2
01-07-2025 09:00:00,28.878,24.061,26.25
01-07-2025 10:00:00,34.621,27.295,30.869
01-07-2025 11:00:00,39.52,30.513,35.571
01-07-2025 12:00:00,42.584,31.772,38.805
01-07-2025 13:00:00,43.46,31.891,40.548
01-07-2025 14:00:00,42.345,32.124,39.01
01-07-2025 15:00:00,35.883,31.917,35.367
01-07-2025 16:00:00,29.27,29.217,29.487
01-07-2025 17:00:00,25.297,26.733,26.878
01-07-2025 18:00:00,24.939,25.709,26.035
01-07-2025 19:00:00,24.617,25.125,25.229
01-07-2025 20:00:00,24.14,24.546,24.72
01-07-2025 21:00:00,23.752,23.95,24.296
01-07-2025 22:00:00,23.278,23.378,23.619
01-07-2025 23:00:00,22.12,22.65,22.857
01-08-2025 00:00:00,21.037,21.527,21.789
01-08-2025 01:00:00,21.408,21.563,21.855
01-08-2025 02:00:00,20.42,20.963,21.203
01-08-2025 03:00:00,20.877,20.929,21.517
01-08-2025 04:00:00,21.537,21.704,22.14
01-08-2025 05:00:00,20.14,20.827,20.753
01-08-2025 06:00:00,19.441,20.103,20.038
01-08-2025 07:00:00,19.684,19.888,20.007
01-08-2025 08:00:00,24.315,22.427,23.45
01-08-2025 09:00:00,31.485,26.709,28.861
01-08-2025 10:00:00,37.967,30.135,34.066
01-08-2025 11:00:00,41.779,31.543,35.964
01-08-2025 12:00:00,40.799,31.659,36.88
01-08-2025 13:00:00,38.624,31.218,35.54
01-08-2025 14:00:00,38.234,30.028,35.345
01-08-2025 15:00:00,31.981,26.522,31.825
01-08-2025 16:00:00,25.641,23.731,25.571
01-08-2025 17:00:00,22.369,21.66,23.259
01-08-2025 18:00:00,20.417,20.342,21.611
01-08-2025 19:00:00,20.019,19.516,20.703
01-08-2025 20:00:00,18.953,18.586,19.751
01-08-2025 21:00:00,18.126,17.767,18.87
01-08-2025 22:00:00,17.415,17.069,18.118
01-08-2025 23:00:00,16.928,16.527,17.345
01-09-2025 00:00:00,16.781,16.621,17.389
01-09-2025 01:00:00,17.258,16.591,17.698
01-09-2025 02:00:00,17.017,16.554,17.411
01-09-2025 03:00:00,17.197,16.694,17.603
01-09-2025 04:00:00,17.279,17.267,17.677
01-09-2025 05:00:00,17.308,17.295,18
01-09-2025 06:00:00,16.923,16.994,17.668
01-09-2025 07:00:00,17.787,17.304,18.327
01-09-2025 08:00:00,21.933,20.263,21.452
01-09-2025 09:00:00,29.22,25.088,26.589
01-09-2025 10:00:00,35.526,29.183,31.68
01-09-2025 11:00:00,40.975,32.052,36.251
01-09-2025 12:00:00,45.171,32.863,40.662
01-09-2025 13:00:00,43.116,32.373,40.163
01-09-2025 14:00:00,40.948,31.1,38.729
01-09-2025 15:00:00,36.325,29.591,36.267
01-09-2025 16:00:00,30.039,26.656,30.361
01-09-2025 17:00:00,27.256,25.209,28.345
01-09-2025 18:00:00,26.482,24.25,27.365
01-09-2025 19:00:00,25.572,23.42,26.545
01-09-2025 20:00:00,24.54,22.662,25.801
01-09-2025 21:00:00,23.898,21.857,24.708
01-09-2025 22:00:00,22.178,20.585,23.27
01-09-2025 23:00:00,22.378,20.571,23.31
01-10-2025 00:00:00,22.17,20.272,22.825
01-10-2025 01:00:00,21.928,19.886,22.601
01-10-2025 02:00:00,21.192,19.458,21.998
01-10-2025 03:00:00,20.078,18.321,20.848
01-10-2025 04:00:00,19.453,17.784,20.517
01-10-2025 05:00:00,20.13,18.511,21.12
01-10-2025 06:00:00,18.651,16.913,19.145
01-10-2025 07:00:00,19.797,17.282,20.47
01-10-2025 08:00:00,25.251,23.49,25.475
01-10-2025 09:00:00,35.365,31.762,32.41
01-10-2025 10:00:00,43.572,38.135,38.77
01-10-2025 11:00:00,50.148,49.858,44.433
01-10-2025 12:00:00,53.056,54.119,48.192
01-10-2025 13:00:00,47.928,48.139,44.717
01-10-2025 14:00:00,44.154,42.03,41.783
01-10-2025 15:00:00,40.233,37.969,39.25
01-10-2025 16:00:00,33.665,32.07,33.576
01-10-2025 17:00:00,31.417,30.159,31.204
01-10-2025 18:00:00,30.676,29.454,30.4
01-10-2025 19:00:00,30.687,29.097,30.028
01-10-2025 20:00:00,31.338,30.06,30.573
01-10-2025 21:00:00,30.394,29.104,29.69
01-10-2025 22:00:00,29.695,28.703,29.043
01-10-2025 23:00:00,29.526,28.58,28.985
01-11-2025 00:00:00,29.295,28.449,28.874
01-11-2025 01:00:00,28.897,28.072,28.42
01-11-2025 02:00:00,28.868,28.135,28.412
01-11-2025 03:00:00,27.307,26.856,26.942
01-11-2025 04:00:00,26.583,26.032,26.145
01-11-2025 05:00:00,26.596,26.115,26.199
01-11-2025 06:00:00,26.275,25.751,25.783
01-11-2025 07:00:00,25.552,24.943,25.183
01-11-2025 08:00:00,27.209,26.887,26.704
01-11-2025 09:00:00,29.175,28.913,28.402
01-11-2025 10:00:00,31.457,31.174,30.369
01-11-2025 11:00:00,32.887,33.289,31.846
01-11-2025 12:00:00,34.31,38.353,32.656
01-11-2025 13:00:00,40.968,41.475,36.724
01-11-2025 14:00:00,38.121,36.502,36.297
01-11-2025 15:00:00,36.612,35.437,35.436
01-11-2025 16:00:00,31.314,29.861,31.163
01-11-2025 17:00:00,26.756,25.092,27.657
01-11-2025 18:00:00,25.78,24.44,26.83
01-11-2025 19:00:00,25.705,24.078,26.536
01-11-2025 20:00:00,24.158,22.309,25.098
01-11-2025 21:00:00,23.75,22.061,24.953
01-11-2025 22:00:00,23.55,21.488,24.247
01-11-2025 23:00:00,22.514,20.999,23.688
01-12-2025 00:00:00,24.903,22.604,25.804
01-12-2025 01:00:00,24.357,22.457,24.475
01-12-2025 02:00:00,28.731,27.081,28.177
01-12-2025 03:00:00,30.972,29.918,30.51
01-12-2025 04:00:00,30.936,29.741,30.958
01-12-2025 05:00:00,26.653,24.931,27.657
01-12-2025 06:00:00,23.925,21.689,25.209
01-12-2025 07:00:00,25.457,23.673,25.807
01-12-2025 08:00:00,32.065,30.846,31.138
01-12-2025 09:00:00,42.093,42.008,39.551
01-12-2025 10:00:00,50.323,51.652,46.664
01-12-2025 11:00:00,55.689,56.86,51.396
01-12-2025 12:00:00,59.171,58.497,54.711
01-12-2025 13:00:00,59.859,56.407,54.509
01-12-2025 14:00:00,46.77,42.726,44.651
01-12-2025 15:00:00,43.084,38.205,41.475
01-12-2025 16:00:00,35.821,33.098,35.597
01-12-2025 17:00:00,29.906,27.197,28.827
01-12-2025 18:00:00,30.53,27.36,28.582
01-12-2025 19:00:00,29.924,26.881,27.858
01-12-2025 20:00:00,31.806,28.338,29.242
01-12-2025 21:00:00,32.387,29.341,30.382
01-12-2025 22:00:00,32.602,30.13,31.005
01-12-2025 23:00:00,32.874,30.742,31.56
01-13-2025 00:00:00,30.86,28.474,29.512
01-13-2025 01:00:00,28.103,25.318,26.544
01-13-2025 02:00:00,27.57,24.62,26.027
01-13-2025 03:00:00,27.644,25.405,26.582
01-13-2025 04:00:00,22.624,20.063,21.697
01-13-2025 05:00:00,23.157,21.073,22.254
01-13-2025 06:00:00,22.564,20.384,22.112
01-13-2025 07:00:00,23.507,21.228,22.74
01-13-2025 08:00:00,31.104,30.061,29.592
01-13-2025 09:00:00,37.228,36.501,35.175
01-13-2025 10:00:00,43.451,43.271,40.954
01-13-2025 11:00:00,43.479,43.937,41.671
01-13-2025 12:00:00,48.808,49.266,47.221
01-13-2025 13:00:00,43.134,43.612,42.128
01-13-2025 14:00:00,46.827,45.367,45.324
01-13-2025 15:00:00,42.619,39.014,42.013
01-13-2025 16:00:00,39.867,38.8,39.708
01-13-2025 17:00:00,33.478,31.534,34.062
01-13-2025 18:00:00,29.216,25.581,28.109
01-13-2025 19:00:00,27.737,23.057,26.351
01-13-2025 20:00:00,28.183,23.826,26.804
01-13-2025 21:00:00,27.07,23.765,27.112
01-13-2025 22:00:00,26.207,23.072,26.851
01-13-2025 23:00:00,24.311,21.005,24.252
01-14-2025 00:00:00,24.077,20.195,23.247
01-14-2025 01:00:00,25.193,21.709,26.085
01-14-2025 02:00:00,25.162,22.109,25.766
01-14-2025 03:00:00,24.85,22.106,25.06
01-14-2025 04:00:00,23.665,21.388,24.678
01-14-2025 05:00:00,22.922,20.296,23.435
01-14-2025 06:00:00,22,19.49,22.415
01-14-2025 07:00:00,21.518,19.058,21.725
01-14-2025 08:00:00,25.174,24.487,24.456
01-14-2025 09:00:00,31.689,32.097,29.237
01-14-2025 10:00:00,37.53,40.125,33.857
01-14-2025 11:00:00,42.137,45.382,37.301
01-14-2025 12:00:00,43.281,45.436,38.555
01-14-2025 13:00:00,42.856,40.637,40.599
01-14-2025 14:00:00,39.151,30.302,36.566
01-14-2025 15:00:00,33.573,27.972,33.283
01-14-2025 16:00:00,27.771,24.904,27.56
01-14-2025 17:00:00,26.14,24.453,26.277
01-14-2025 18:00:00,25.49,23.857,25.548
01-14-2025 19:00:00,26.412,24.957,26.393
01-14-2025 20:00:00,25.675,24.291,25.717
01-14-2025 21:00:00,23.138,21.4,23.577
01-14-2025 22:00:00,20.542,18.5,21.011
01-14-2025 23:00:00,19.241,17.3,19.715
01-15-2025 00:00:00,17.854,15.693,18.448
01-15-2025 01:00:00,16.478,14.74,17.085
01-15-2025 02:00:00,16.68,14.639,17.187
01-15-2025 03:00:00,16.318,14.464,17.064
01-15-2025 04:00:00,16.576,14.743,17.038
01-15-2025 05:00:00,17.185,15.478,17.623
01-15-2025 06:00:00,17.214,15.467,17.878
01-15-2025 07:00:00,17.718,16.234,18.533
01-15-2025 08:00:00,22.114,22.382,22.038
01-15-2025 09:00:00,31.403,32.548,28.947
01-15-2025 10:00:00,36.75,39.651,33.174
01-15-2025 11:00:00,43.817,47.093,38.589
01-15-2025 12:00:00,43.791,45.917,38.896
01-15-2025 13:00:00,42.025,40.106,39.267
01-15-2025 14:00:00,40.519,32.603,38.43
01-15-2025 15:00:00,35.216,30.784,34.605
01-15-2025 16:00:00,28.505,26.731,28.827
01-15-2025 17:00:00,24.256,22.751,25.534
01-15-2025 18:00:00,22.45,20.973,23.965
01-15-2025 19:00:00,21.792,20.018,22.554
01-15-2025 20:00:00,25.012,24.328,24.761
01-15-2025 21:00:00,24.19,23.756,24.175
01-15-2025 22:00:00,23.723,22.646,23.449
01-15-2025 23:00:00,24.585,23.835,24.608
01-16-2025 00:00:00,20.103,18.78,21.032
01-16-2025 01:00:00,18.622,16.87,19.283
01-16-2025 02:00:00,16.518,14.735,17.048
01-16-2025 03:00:00,14.365,12.468,14.437
01-16-2025 04:00:00,13.844,11.82,13.434
01-16-2025 05:00:00,11.916,9.715,10.421
01-16-2025 06:00:00,10.921,8.424,9.059
01-16-2025 07:00:00,11.95,9.933,10.547
01-16-2025 08:00:00,19.335,18.53,17.801
01-16-2025 09:00:00,31.728,32.375,28.644
01-16-2025 10:00:00,31.518,33.464,29.552
01-16-2025 11:00:00,38.341,38.976,35.702
01-16-2025 12:00:00,39.353,41.671,38.617
01-16-2025 13:00:00,35.505,36.435,34.698
01-16-2025 14:00:00,36.528,36.236,36.139
01-16-2025 15:00:00,32.809,32.598,33.08
01-16-2025 16:00:00,26.399,26.614,26.674
01-16-2025 17:00:00,25.054,25.088,24.99
01-16-2025 18:00:00,25.247,25.169,25.056
01-16-2025 19:00:00,25.272,25.311,25.024
01-16-2025 20:00:00,24.807,24.778,24.494
01-16-2025 21:00:00,24.41,24.316,24.035
01-16-2025 22:00:00,24.083,23.738,23.712
01-16-2025 23:00:00,23.3,22.659,23.113
01-17-2025 00:00:00,22.532,21.777,22.417
01-17-2025 01:00:00,22.78,22.165,22.606
01-17-2025 02:00:00,21.505,19.903,21.411
01-17-2025 03:00:00,20.266,18.492,19.963
01-17-2025 04:00:00,17.939,16.325,17.925
01-17-2025 05:00:00,17.872,16.024,16.926
01-17-2025 06:00:00,17.578,14.831,16.27
01-17-2025 07:00:00,18.193,15.386,17.078
01-17-2025 08:00:00,23.047,20.944,21.959
01-17-2025 09:00:00,29.678,29.587,28.456
01-17-2025 10:00:00,33.248,34.653,32.655
01-17-2025 11:00:00,47.052,53.084,45.92
01-17-2025 12:00:00,59.685,60.799,55.868
01-17-2025 13:00:00,57.354,57.466,55.122
01-17-2025 14:00:00,47.713,44.997,45.839
01-17-2025 15:00:00,46.726,43.403,45.283
01-17-2025 16:00:00,37.602,35.252,36.996
01-17-2025 17:00:00,28.29,26.177,27.538
01-17-2025 18:00:00,26.907,23.805,25.04
01-17-2025 19:00:00,26.468,21.988,23.653
01-17-2025 20:00:00,25.862,20.883,22.526
01-17-2025 21:00:00,25.706,20.704,22.591
01-17-2025 22:00:00,23.476,19.755,21.588
01-17-2025 23:00:00,23.697,19.174,20.91
01-18-2025 00:00:00,24.018,19.031,20.956
01-18-2025 01:00:00,23.77,19.369,21.179
01-18-2025 02:00:00,24.054,19.602,21.553
01-18-2025 03:00:00,24.033,19.504,21.665
01-18-2025 04:00:00,23.958,20.004,22.582
01-18-2025 05:00:00,24.806,21.464,23.319
01-18-2025 06:00:00,26.29,22.794,24.514
01-18-2025 07:00:00,27.156,24.445,25.601
01-18-2025 08:00:00,32.069,30.099,30.351
01-18-2025 09:00:00,38.269,36.748,36.467
01-18-2025 10:00:00,43.036,40.249,39.605
01-18-2025 11:00:00,46.865,44.991,44.277
01-18-2025 12:00:00,46.023,45.351,44.816
01-18-2025 13:00:00,44.179,43.4,43.063
01-18-2025 14:00:00,42.47,41.878,41.532
01-18-2025 15:00:00,41.835,41.147,40.789
01-18-2025 16:00:00,40.761,39.776,39.693
01-18-2025 17:00:00,38.236,35.594,36.257
01-18-2025 18:00:00,38.66,36.992,37.547
01-18-2025 19:00:00,39.135,37.025,37.521
01-18-2025 20:00:00,37.881,35.857,36.612
01-18-2025 21:00:00,33.814,32.471,33.196
01-18-2025 22:00:00,30.522,29.161,30.104
01-18-2025 23:00:00,29.459,26.845,28.605
01-19-2025 00:00:00,30.407,27.341,27.902
01-19-2025 01:00:00,29.764,26.933,27.734
01-19-2025 02:00:00,31.429,27.197,29.247
01-19-2025 03:00:00,30.58,28.769,31.058
01-19-2025 04:00:00,29.196,26.661,28.383
01-19-2025 05:00:00,29.65,27.293,28.181
01-19-2025 06:00:00,30.773,28.19,29.02
01-19-2025 07:00:00,33.004,30.159,31.008
01-19-2025 08:00:00,36.112,33.817,34.179
01-19-2025 09:00:00,38.018,36.546,36.532
01-19-2025 10:00:00,40.139,39.748,38.853
01-19-2025 11:00:00,39.878,39.272,38.838
01-19-2025 12:00:00,37.067,36.619,36.439
01-19-2025 13:00:00,33.086,32.307,32.605
01-19-2025 14:00:00,32.691,31.89,32.068
01-19-2025 15:00:00,32.479,31.721,31.816
01-19-2025 16:00:00,32.354,31.57,31.59
01-19-2025 17:00:00,31.885,31.26,30.552
01-19-2025 18:00:00,30.725,31.027,28.996
01-19-2025 19:00:00,29.238,29.408,28
01-19-2025 20:00:00,28.312,27.725,27.046
01-19-2025 21:00:00,26.872,26.386,25.502
01-19-2025 22:00:00,25.103,25.075,24.025
01-19-2025 23:00:00,22.016,23.258,22.159
01-20-2025 00:00:00,19.8,21.857,20.859
01-20-2025 01:00:00,15.958,19.865,18.109
01-20-2025 02:00:00,15.2,18.282,17.043
01-20-2025 03:00:00,14.133,17.247,16.107
01-20-2025 04:00:00,13.292,16.445,15.456
01-20-2025 05:00:00,12.714,15.814,14.787
01-20-2025 06:00:00,11.366,15.036,13.173
01-20-2025 07:00:00,8.707,13.615,11.111
01-20-2025 08:00:00,15.909,15.178,13.563
01-20-2025 09:00:00,22.962,19.72,18.567
01-20-2025 10:00:00,25.917,25.098,22.781
01-20-2025 11:00:00,27.972,28.093,26.284
01-20-2025 12:00:00,27.708,28.047,26.624
01-20-2025 13:00:00,27.165,26.907,27.107
01-20-2025 14:00:00,24.922,25.092,24.814
01-20-2025 15:00:00,22.52,23.654,22.963
01-20-2025 16:00:00,18.425,21.414,19.555
01-20-2025 17:00:00,13.3,19.216,15.939
01-20-2025 18:00:00,11.186,17.404,13.615
01-20-2025 19:00:00,9.638,15.838,11.665
01-20-2025 20:00:00,9.112,14.398,10.902
01-20-2025 21:00:00,7.849,13.614,10.591
01-20-2025 22:00:00,5.683,12.51,8.228
01-20-2025 23:00:00,4.696,11.12,6.745
01-21-2025 00:00:00,4.745,10.295,6.387
01-21-2025 01:00:00,4.536,9.731,6.379
01-21-2025 02:00:00,2.945,8.857,4.964
01-21-2025 03:00:00,2.628,8.283,3.905
01-21-2025 04:00:00,-0.262,6.895,0.643
01-21-2025 05:00:00,-0.322,5.726,-0.215
01-21-2025 06:00:00,-0.591,5.122,-0.22
01-21-2025 07:00:00,-0.828,5.164,-0.231
01-21-2025 08:00:00,2.561,5.999,1.553
01-21-2025 09:00:00,12.138,10.471,10.349
01-21-2025 10:00:00,16.222,15.255,14.489
01-21-2025 11:00:00,18.264,18.6,16.766
01-21-2025 12:00:00,20.729,20.945,19.641
01-21-2025 13:00:00,21.702,21.365,20.903
01-21-2025 14:00:00,18.963,20.776,19.008
01-21-2025 15:00:00,16.445,19.452,16.976
01-21-2025 16:00:00,14.761,18.046,15.216
01-21-2025 17:00:00,13.826,17.065,14.237
01-21-2025 18:00:00,13.601,16.448,13.802
01-21-2025 19:00:00,13.179,15.988,13.586
01-21-2025 20:00:00,12.804,15.643,13.04
01-21-2025 21:00:00,12.381,15.078,12.768
01-21-2025 22:00:00,11.177,14.478,11.891
01-21-2025 23:00:00,9.313,13.559,10.3
01-22-2025 00:00:00,8.993,12.783,9.619
01-22-2025 01:00:00,6.657,11.902,8.022
01-22-2025 02:00:00,4.373,10.294,6.649
01-22-2025 03:00:00,2.667,8.492,4.75
01-22-2025 04:00:00,3.063,8.103,5.444
01-22-2025 05:00:00,3.369,7.923,5.518
01-22-2025 06:00:00,2.006,7.117,3.722
01-22-2025 07:00:00,2.07,6.472,1.794
01-22-2025 08:00:00,4.484,7.656,5.605
01-22-2025 09:00:00,9.726,11.042,9.494
01-22-2025 10:00:00,17.594,16.654,14.597
01-22-2025 11:00:00,22.991,22.147,19.658
01-22-2025 12:00:00,26.389,25.732,24.792
01-22-2025 13:00:00,26.155,24.415,26.527
01-22-2025 14:00:00,23.175,21.142,25.397
01-22-2025 15:00:00,19.073,19.54,20.736
01-22-2025 16:00:00,12.604,17.657,14.568
01-22-2025 17:00:00,8.896,15.234,10.478
01-22-2025 18:00:00,10.485,14.252,9.875
01-22-2025 19:00:00,9.226,13.835,9.437
01-22-2025 20:00:00,6.416,12.811,7.244
01-22-2025 21:00:00,4.683,11.215,5.351
01-22-2025 22:00:00,3.704,9.787,3.804
01-22-2025 23:00:00,2.502,8.379,2.662
01-23-2025 00:00:00,2.347,7.657,2.033
01-23-2025 01:00:00,2.873,6.945,1.862
01-23-2025 02:00:00,3.877,6.883,2.596
01-23-2025 03:00:00,4.533,7.188,3.084
01-23-2025 04:00:00,6.834,8.214,5.219
01-23-2025 05:00:00,5.71,9.001,5.158
01-23-2025 06:00:00,1.939,8.372,2.385
01-23-2025 07:00:00,2.959,7.665,2.399
01-23-2025 08:00:00,12.977,11.279,9.225
01-23-2025 09:00:00,22.033,18.729,17.662
01-23-2025 10:00:00,27.523,25.562,23.335
01-23-2025 11:00:00,32.626,30.315,28.153
01-23-2025 12:00:00,35.404,31.068,30.774
01-23-2025 13:00:00,46.618,30.872,32.276
01-23-2025 14:00:00,38.99,28.838,31.7
01-23-2025 15:00:00,34.601,27.237,29.141
01-23-2025 16:00:00,26.131,25.839,23.786
01-23-2025 17:00:00,17.74,23,17.553
01-23-2025 18:00:00,15.9,20.579,15.146
01-23-2025 19:00:00,15.4,18.95,14.499
01-23-2025 20:00:00,14.535,17.536,13.171
01-23-2025 21:00:00,14.607,16.578,13.42
01-23-2025 22:00:00,13.324,15.652,11.252
01-23-2025 23:00:00,12.29,14.472,9.464
01-24-2025 00:00:00,10.814,13.207,8.045
01-24-2025 01:00:00,10.298,12.459,7.283
01-24-2025 02:00:00,11.281,12.504,9.706
01-24-2025 03:00:00,12.747,13.889,12.679
01-24-2025 04:00:00,13.249,15.607,14.8
01-24-2025 05:00:00,10.647,14.738,10.777
01-24-2025 06:00:00,11.341,13.268,9.955
01-24-2025 07:00:00,12.541,13.882,11.131
01-24-2025 08:00:00,20.793,15.524,13.308
01-24-2025 09:00:00,35.013,22.429,24.338
01-24-2025 10:00:00,42.49,30.041,31.045
01-24-2025 11:00:00,45.498,31.988,32.801
01-24-2025 12:00:00,48.27,32.115,38.206
01-24-2025 13:00:00,48,31.783,47.34
01-24-2025 14:00:00,44.958,31.701,47.552
01-24-2025 15:00:00,37.861,31.644,38.788
01-24-2025 16:00:00,29.174,31.296,28.641
01-24-2025 17:00:00,21.766,27.981,22.097
01-24-2025 18:00:00,19.83,24.031,19.664
01-24-2025 19:00:00,19.248,22.114,19.558
01-24-2025 20:00:00,18.608,21.122,18.716
01-24-2025 21:00:00,17.718,19.907,18.633
01-24-2025 22:00:00,16.418,18.214,14.464
01-24-2025 23:00:00,13.798,15.947,10.375
01-25-2025 00:00:00,12.213,13.857,9.38
01-25-2025 01:00:00,14.313,13.901,11.606
01-25-2025 02:00:00,15.21,15.246,14.459
01-25-2025 03:00:00,13.651,15.443,13.687
01-25-2025 04:00:00,12.163,14.912,12.149
01-25-2025 05:00:00,10.267,13.085,8.971
01-25-2025 06:00:00,9.703,11.735,6.988
01-25-2025 07:00:00,9.974,10.957,6.982
01-25-2025 08:00:00,20.011,14.008,19.015
01-25-2025 09:00:00,33.596,21.004,32.973
01-25-2025 10:00:00,42.191,27.747,41.456
01-25-2025 11:00:00,48.343,31.399,49.664
01-25-2025 12:00:00,47.744,31.705,50.098
01-25-2025 13:00:00,46.77,31.598,49.919
01-25-2025 14:00:00,44.334,31.874,45.599
01-25-2025 15:00:00,37.615,31.809,38.003
01-25-2025 16:00:00,30.501,31.164,30.452
01-25-2025 17:00:00,27.482,29.009,26.856
01-25-2025 18:00:00,26.09,27.685,25.457
01-25-2025 19:00:00,26.106,26.777,25.724
01-25-2025 20:00:00,27.504,26.923,26.534
01-25-2025 21:00:00,28.32,27.725,27.468
01-25-2025 22:00:00,27.278,27.674,26.417
01-25-2025 23:00:00,24.44,26.458,23.694
01-26-2025 00:00:00,22.865,24.332,21.685
01-26-2025 01:00:00,24.251,23.848,22.475
01-26-2025 02:00:00,24.481,23.505,22.246
01-26-2025 03:00:00,24.628,23.54,22.762
01-26-2025 04:00:00,26.314,24.388,24.855
01-26-2025 05:00:00,27.202,25.382,25.662
01-26-2025 06:00:00,28.008,26.294,26.89
01-26-2025 07:00:00,27.74,26.944,26.815
01-26-2025 08:00:00,32.461,27.751,31.665
01-26-2025 09:00:00,39.851,30.602,40.35
01-26-2025 10:00:00,45.375,32.707,45.693
01-26-2025 11:00:00,46.507,32.89,48.062
01-26-2025 12:00:00,48.41,33.225,49.736
01-26-2025 13:00:00,53.11,33.84,54.535
01-26-2025 14:00:00,48.404,33.949,49.121
01-26-2025 15:00:00,44.825,33.83,44.781
01-26-2025 16:00:00,37.58,33.353,37.582
01-26-2025 17:00:00,31.567,32.62,31.685
01-26-2025 18:00:00,27.355,31.547,25.684
01-26-2025 19:00:00,25.565,28.789,23.586
01-26-2025 20:00:00,24.343,24.814,22.263
01-26-2025 21:00:00,23.351,22.644,19.901
01-26-2025 22:00:00,23.039,21.843,20.082
01-26-2025 23:00:00,24.038,21.589,19.88
01-27-2025 00:00:00,24.548,21.556,19.916
01-27-2025 01:00:00,24.341,21.233,20.602
01-27-2025 02:00:00,26.512,23.278,23.9
01-27-2025 03:00:00,26.11,23.961,22.986
01-27-2025 04:00:00,23.804,23.1,21.152
01-27-2025 05:00:00,21.756,21.526,19.04
01-27-2025 06:00:00,23.002,21.69,22.573
01-27-2025 07:00:00,24.212,23.492,24.13
01-27-2025 08:00:00,31.28,26.193,29.827
01-27-2025 09:00:00,42.759,31.865,39.796
01-27-2025 10:00:00,49.585,33.495,47.117
01-27-2025 11:00:00,54.22,33.792,51.805
01-27-2025 12:00:00,57.071,34.218,54.059
01-27-2025 13:00:00,57.37,34.479,54.289
01-27-2025 14:00:00,53.347,35.616,51.599
01-27-2025 15:00:00,47.68,35.317,47.203
01-27-2025 16:00:00,39.669,32.456,38.718
01-27-2025 17:00:00,31.499,26.461,30.694
01-27-2025 18:00:00,29.21,22.506,26.585
01-27-2025 19:00:00,29.76,22.991,28.424
01-27-2025 20:00:00,30.471,26.952,29.483
01-27-2025 21:00:00,29.657,26.672,29.207
01-27-2025 22:00:00,29.069,25.983,28.129
01-27-2025 23:00:00,29.764,26.404,29.252
01-28-2025 00:00:00,28.4,25.25,27.779
01-28-2025 01:00:00,26.66,22.25,25.59
01-28-2025 02:00:00,29.517,25.766,27.953
01-28-2025 03:00:00,29.756,26.909,28.959
01-28-2025 04:00:00,28.931,24.888,27.726
01-28-2025 05:00:00,34.278,30.939,33.59
01-28-2025 06:00:00,35.229,32.419,34.827
01-28-2025 07:00:00,34.33,31.295,34.121
01-28-2025 08:00:00,39.134,36.797,37.946
01-28-2025 09:00:00,48.312,50.387,45.533
01-28-2025 10:00:00,52.379,55.399,47.259
01-28-2025 11:00:00,49.361,50.721,45.838
01-28-2025 12:00:00,51.357,49.37,47.48
01-28-2025 13:00:00,58.034,57.141,53.809
01-28-2025 14:00:00,54.001,49.389,49.75
01-28-2025 15:00:00,49.057,41.327,47.332
01-28-2025 16:00:00,40.151,35.586,39.13
01-28-2025 17:00:00,33.827,30.44,33.556
01-28-2025 18:00:00,30.199,26.48,29.438
01-28-2025 19:00:00,27.992,23.418,26.106
01-28-2025 20:00:00,27.608,22.604,25.271
01-28-2025 21:00:00,27.128,22.616,25.265
01-28-2025 22:00:00,26.018,20.799,23.521
01-28-2025 23:00:00,26.597,21.197,24.135
01-29-2025 00:00:00,29.989,25.776,27.528
01-29-2025 01:00:00,31.959,29.055,30.635
01-29-2025 02:00:00,29.399,26.254,28.277
01-29-2025 03:00:00,28.532,23.655,26.962
01-29-2025 04:00:00,28.149,23.501,26.178
01-29-2025 05:00:00,27.35,23.066,25.515
01-29-2025 06:00:00,26.812,22.756,25.529
01-29-2025 07:00:00,29.418,25.1,27.355
01-29-2025 08:00:00,38.393,35.638,36.035
01-29-2025 09:00:00,53.409,53.362,50.355
01-29-2025 10:00:00,61.215,64.364,57.918
01-29-2025 11:00:00,63.392,65.242,58.612
01-29-2025 12:00:00,61.944,61.768,57.175
01-29-2025 13:00:00,64.316,64.18,59.169
01-29-2025 14:00:00,58.728,54.03,55.155
01-29-2025 15:00:00,52.266,47.082,50.249
01-29-2025 16:00:00,49.043,44.637,47.206
01-29-2025 17:00:00,42.926,39.448,42.187
01-29-2025 18:00:00,40.328,36.798,39.768
01-29-2025 19:00:00,39.469,36.192,39.125
01-29-2025 20:00:00,39.016,35.492,38.353
01-29-2025 21:00:00,37.612,34.001,36.997
01-29-2025 22:00:00,35.652,32.189,35.076
01-29-2025 23:00:00,33.907,30.191,33.533
01-30-2025 00:00:00,30.902,27.888,31.309
01-30-2025 01:00:00,29.077,26.756,29.877
01-30-2025 02:00:00,27.365,25.302,28.265
01-30-2025 03:00:00,25.476,23.428,26.519
01-30-2025 04:00:00,23.088,20.861,23.945
01-30-2025 05:00:00,22.601,20.159,23.716
01-30-2025 06:00:00,21.309,18.862,22.075
01-30-2025 07:00:00,21.525,19.759,22.309
01-30-2025 08:00:00,29.305,29.81,28.574
01-30-2025 09:00:00,39.982,40.984,36.069
01-30-2025 10:00:00,48.916,51.202,43.808
01-30-2025 11:00:00,54.063,56.951,47.952
01-30-2025 12:00:00,58.59,60.281,53.925
01-30-2025 13:00:00,57.598,55.838,54.204
01-30-2025 14:00:00,52.834,46.613,51.279
01-30-2025 15:00:00,45.701,39.43,45.578
01-30-2025 16:00:00,34.973,32.93,35.358
01-30-2025 17:00:00,29.163,27.817,29.492
01-30-2025 18:00:00,27.742,25.368,27.237
01-30-2025 19:00:00,28.969,25.04,26.739
01-30-2025 20:00:00,29.257,26.227,28.278
01-30-2025 21:00:00,28.272,25.463,27.732
01-30-2025 22:00:00,27.889,24.997,27.283
01-30-2025 23:00:00,29.81,27.431,29.018
01-31-2025 00:00:00,31.245,29.025,30.569
01-31-2025 01:00:00,32.201,30.253,31.284
01-31-2025 02:00:00,33.79,31.947,32.747
01-31-2025 03:00:00,35.081,33.919,34.156
01-31-2025 04:00:00,36.539,35.534,35.728
01-31-2025 05:00:00,37.146,35.646,36.122
01-31-2025 06:00:00,37.379,35.807,36.105
01-31-2025 07:00:00,37.511,36.192,36.252
01-31-2025 08:00:00,40.261,39.278,38.884
01-31-2025 09:00:00,43.9,43.068,42.73
01-31-2025 10:00:00,45.403,44.577,43.751
01-31-2025 11:00:00,49.183,49.229,47.802
01-31-2025 12:00:00,47.547,47.373,46.302
01-31-2025 13:00:00,46.781,46.483,45.535
01-31-2025 14:00:00,45.5,45.117,44.548
01-31-2025 15:00:00,44.93,44.34,44.27
01-31-2025 16:00:00,44.75,43.963,44.101
01-31-2025 17:00:00,44.56,43.399,43.731
01-31-2025 18:00:00,45.46,44.154,44.613
01-31-2025 19:00:00,47.232,45.845,46.442
01-31-2025 20:00:00,47.521,46.168,46.78
01-31-2025 21:00:00,47.462,45.761,46.495
01-31-2025 22:00:00,48.55,46.728,47.673
01-31-2025 23:00:00,48.11,46.351,47.266
02-01-2025 00:00:00,48.213,45.887,47.045
02-01-2025 01:00:00,48.033,45.772,47.143
02-01-2025 02:00:00,47.635,45.528,46.788
02-01-2025 03:00:00,46.311,44.978,45.723
02-01-2025 04:00:00,43.302,41.649,43.018
02-01-2025 05:00:00,40.081,38.568,40.296
02-01-2025 06:00:00,40.018,38.753,39.737
02-01-2025 07:00:00,37.004,35.767,36.602
02-01-2025 08:00:00,36.838,36.023,35.462
02-01-2025 09:00:00,43.715,44.407,39.589
02-01-2025 10:00:00,49.646,51.636,44.119
02-01-2025 11:00:00,52.996,55,45.951
02-01-2025 12:00:00,56.096,58.228,49.354
02-01-2025 13:00:00,54.513,58.003,48.765
02-01-2025 14:00:00,51.019,44.061,46.653
02-01-2025 15:00:00,43.714,34.929,41.573
02-01-2025 16:00:00,34.455,29.434,32.895
02-01-2025 17:00:00,27.01,25.17,27.811
02-01-2025 18:00:00,24.594,22.949,25.798
02-01-2025 19:00:00,22.77,21.476,24.198
02-01-2025 20:00:00,21.441,20.009,22.521
02-01-2025 21:00:00,20.177,19.013,21.233
02-01-2025 22:00:00,19.273,18.142,20.146
02-01-2025 23:00:00,17.42,16.306,18.501
02-02-2025 00:00:00,17.094,15.521,17.013
02-02-2025 01:00:00,15.508,13.986,15.668
02-02-2025 02:00:00,14.118,13.169,14.874
02-02-2025 03:00:00,15.137,13.414,15.111
02-02-2025 04:00:00,15.224,12.824,14.028
02-02-2025 05:00:00,15.64,13.083,14.207
02-02-2025 06:00:00,14.565,13.019,13.441
02-02-2025 07:00:00,16.777,15.388,15.478
02-02-2025 08:00:00,20.833,20.744,20.029
02-02-2025 09:00:00,28.346,31.663,29.689
02-02-2025 10:00:00,34.515,38.577,37.448
02-02-2025 11:00:00,37.363,40.341,41.057
02-02-2025 12:00:00,39.899,43.211,44.917
02-02-2025 13:00:00,36.298,38.257,38.473
02-02-2025 14:00:00,36.68,37.602,38.058
02-02-2025 15:00:00,33.58,33.862,33.973
02-02-2025 16:00:00,31.03,30.605,30.497
02-02-2025 17:00:00,30.479,29.819,29.666
02-02-2025 18:00:00,30.305,29.453,29.374
02-02-2025 19:00:00,30.062,29.401,29.271
02-02-2025 20:00:00,30.46,29.684,29.461
02-02-2025 21:00:00,30.744,30.181,29.95
02-02-2025 22:00:00,31.04,30.594,30.314
02-02-2025 23:00:00,30.861,30.399,30.157
02-03-2025 00:00:00,26.95,26.196,26.423
02-03-2025 01:00:00,30.27,29.387,29.168
02-03-2025 02:00:00,27.252,25.887,26.184
02-03-2025 03:00:00,24.688,22.336,23.163
02-03-2025 04:00:00,24.939,21.909,23.139
02-03-2025 05:00:00,24.107,21.187,21.732
02-03-2025 06:00:00,22.978,20.523,21.241
02-03-2025 07:00:00,24.336,22.538,22.558
02-03-2025 08:00:00,30.277,29.495,29.131
02-03-2025 09:00:00,33.321,33.014,32.487
02-03-2025 10:00:00,41.77,45.552,41.815
02-03-2025 11:00:00,61.981,60.852,57.875
02-03-2025 12:00:00,69.168,67.068,65.208
02-03-2025 13:00:00,61.197,61.131,59.569
02-03-2025 14:00:00,62.317,60.997,62.445
02-03-2025 15:00:00,56.873,51.051,56.127
02-03-2025 16:00:00,50.911,44.931,49.124
02-03-2025 17:00:00,44.24,40.702,42.565
02-03-2025 18:00:00,41.803,37.639,39.24
02-03-2025 19:00:00,42.308,37.409,39.71
02-03-2025 20:00:00,43.285,39.815,41.165
02-03-2025 21:00:00,43.601,41.435,42.481
02-03-2025 22:00:00,40.112,37.027,38.796
02-03-2025 23:00:00,39.089,34.815,36.686
02-04-2025 00:00:00,40.885,36.372,38.049
02-04-2025 01:00:00,39.582,35.653,37.458
02-04-2025 02:00:00,38.743,34.556,36.242
02-04-2025 03:00:00,41.783,37.804,39.068
02-04-2025 04:00:00,43.765,39.557,40.72
02-04-2025 05:00:00,45.865,43.758,45.075
02-04-2025 06:00:00,43.234,41.907,43.359
02-04-2025 07:00:00,41.982,40.598,42.065
02-04-2025 08:00:00,45.252,44.115,44.018
02-04-2025 09:00:00,50.678,49.083,46.55
02-04-2025 10:00:00,59.236,60.514,52.513
02-04-2025 11:00:00,62.06,64.379,55.428
02-04-2025 12:00:00,58.086,57.519,51.88
02-04-2025 13:00:00,58.011,56.52,51.807
02-04-2025 14:00:00,56.237,54.172,52.034
02-04-2025 15:00:00,51.123,43.231,48.566
02-04-2025 16:00:00,42.756,37.07,40.609
02-04-2025 17:00:00,35.195,32.816,36.001
02-04-2025 18:00:00,32.278,30.264,33.719
02-04-2025 19:00:00,29.907,27.571,30.605
02-04-2025 20:00:00,30.134,27.613,30.9
02-04-2025 21:00:00,28.675,26.35,29.157
02-04-2025 22:00:00,27.033,24.755,27.51
02-04-2025 23:00:00,26.373,23.58,26.994
02-05-2025 00:00:00,26.294,23.61,26.931
02-05-2025 01:00:00,26.838,24.859,27.185
02-05-2025 02:00:00,28.125,26.733,28.409
02-05-2025 03:00:00,29.764,28.698,29.278
02-05-2025 04:00:00,29.404,28.472,28.903
02-05-2025 05:00:00,28.676,27.837,28.291
02-05-2025 06:00:00,27.876,27.218,27.569
02-05-2025 07:00:00,28.076,27.376,27.505
02-05-2025 08:00:00,32.435,32.037,30.523
02-05-2025 09:00:00,38.746,39.163,34.992
02-05-2025 10:00:00,43.765,43.435,39.647
02-05-2025 11:00:00,54.752,54.155,48.435
02-05-2025 12:00:00,60.591,59.996,54.232
02-05-2025 13:00:00,55.37,52.952,50.587
02-05-2025 14:00:00,52.357,48.812,49.524
02-05-2025 15:00:00,43.479,39.54,42.31
02-05-2025 16:00:00,33.845,32.902,33.864
02-05-2025 17:00:00,29.267,28.362,29.271
02-05-2025 18:00:00,28.183,27.471,28.223
02-05-2025 19:00:00,25.66,24.104,25.514
02-05-2025 20:00:00,28.267,26.347,27.469
02-05-2025 21:00:00,31.199,29.962,30.335
02-05-2025 22:00:00,31.062,30.361,30.696
02-05-2025 23:00:00,31.227,30.715,30.923
02-06-2025 00:00:00,30.858,30.417,30.649
02-06-2025 01:00:00,29.135,28.78,29.019
02-06-2025 02:00:00,29.821,29.369,29.612
02-06-2025 03:00:00,31.818,31.145,31.345
02-06-2025 04:00:00,31.919,31.301,31.447
02-06-2025 05:00:00,32.074,31.449,31.616
02-06-2025 06:00:00,32.131,31.478,31.598
02-06-2025 07:00:00,32.35,31.586,31.814
02-06-2025 08:00:00,32.592,31.835,32.026
02-06-2025 09:00:00,32.754,31.985,32.179
02-06-2025 10:00:00,32.987,32.325,32.451
02-06-2025 11:00:00,33.142,32.467,32.686
02-06-2025 12:00:00,33.181,32.44,32.639
02-06-2025 13:00:00,33.282,32.749,32.879
02-06-2025 14:00:00,33.336,32.816,33.127
02-06-2025 15:00:00,33.229,32.682,33.076
02-06-2025 16:00:00,33.369,32.79,33.348
02-06-2025 17:00:00,33.362,32.726,33.348
02-06-2025 18:00:00,33.429,32.73,33.542
02-06-2025 19:00:00,35.385,34.654,35.801
02-06-2025 20:00:00,36.674,36.021,36.152
02-06-2025 21:00:00,36.85,36.19,36.314
02-06-2025 22:00:00,37.154,36.473,36.62
02-06-2025 23:00:00,37.444,36.779,36.885
02-07-2025 00:00:00,37.526,36.851,36.976
02-07-2025 01:00:00,37.554,36.859,37.043
02-07-2025 02:00:00,37.69,36.975,37.142
02-07-2025 03:00:00,37.249,36.438,36.871
02-07-2025 04:00:00,33.835,32.397,33.955
02-07-2025 05:00:00,33.284,30.58,33.179
02-07-2025 06:00:00,33.027,30.646,33.557
02-07-2025 07:00:00,34.346,32.364,35.05
02-07-2025 08:00:00,40.028,39.005,39.485
02-07-2025 09:00:00,43.774,44.43,42.754
02-07-2025 10:00:00,45.072,45.748,43.511
02-07-2025 11:00:00,47.816,48.039,44.954
02-07-2025 12:00:00,56.34,57.539,49.68
02-07-2025 13:00:00,52.705,52.508,48.312
02-07-2025 14:00:00,50.279,45.029,47.175
02-07-2025 15:00:00,46.032,40.885,44.201
02-07-2025 16:00:00,37.362,34.731,36.82
02-07-2025 17:00:00,31.663,29.36,32.307
02-07-2025 18:00:00,28.583,25.794,29.035
02-07-2025 19:00:00,27.409,24.835,27.15
02-07-2025 20:00:00,25.764,23.005,24.995
02-07-2025 21:00:00,23.414,20.741,23.199
02-07-2025 22:00:00,21.538,18.915,20.846
02-07-2025 23:00:00,21.47,18.195,20.355
02-08-2025 00:00:00,19.995,17.013,18.411
02-08-2025 01:00:00,19.046,15.634,18.052
02-08-2025 02:00:00,18.196,14.479,16.59
02-08-2025 03:00:00,18.298,15.144,16.558
02-08-2025 04:00:00,19.682,16.899,17.99
02-08-2025 05:00:00,21.437,17.875,18.855
02-08-2025 06:00:00,22.043,18.841,20.513
02-08-2025 07:00:00,23.856,21.276,22.44
02-08-2025 08:00:00,30.73,29.625,28.623
02-08-2025 09:00:00,36.028,35.38,33.756
02-08-2025 10:00:00,45.003,43.709,41.732
02-08-2025 11:00:00,52.61,51.29,52.119
02-08-2025 12:00:00,43.049,41.968,41.613
02-08-2025 13:00:00,48.224,46.614,46.291
02-08-2025 14:00:00,42.281,41.16,41.463
02-08-2025 15:00:00,38.66,38.408,38.644
02-08-2025 16:00:00,34.156,34.132,34.291
02-08-2025 17:00:00,32.731,32.256,32.28
02-08-2025 18:00:00,32.303,31.723,31.732
02-08-2025 19:00:00,32.168,31.309,31.46
02-08-2025 20:00:00,32.225,31.268,31.404
02-08-2025 21:00:00,31.916,31.132,31.286
02-08-2025 22:00:00,31.953,31.288,31.345
02-08-2025 23:00:00,32.154,31.515,31.553
02-09-2025 00:00:00,32.198,31.526,31.657
02-09-2025 01:00:00,32.275,31.556,31.721
02-09-2025 02:00:00,32.335,31.606,31.733
02-09-2025 03:00:00,32.377,31.629,31.785
02-09-2025 04:00:00,32.397,31.684,31.807
02-09-2025 05:00:00,32.404,31.697,31.798
02-09-2025 06:00:00,32.388,31.675,31.777
02-09-2025 07:00:00,32.465,31.772,31.871
02-09-2025 08:00:00,32.764,32.102,32.226
02-09-2025 09:00:00,33.539,32.801,33.157
02-09-2025 10:00:00,33.639,33.179,33.316
02-09-2025 11:00:00,34.386,33.159,33.297
02-09-2025 12:00:00,34.189,33.231,33.18
02-09-2025 13:00:00,33.955,33.692,33.682
02-09-2025 14:00:00,34.465,33.839,34.407
02-09-2025 15:00:00,34.346,35.154,34.581
02-09-2025 16:00:00,33.35,34.757,33.489
02-09-2025 17:00:00,32.723,30.413,31.16
02-09-2025 18:00:00,30.178,29.253,29.687
02-09-2025 19:00:00,30.59,29.913,30.144
02-09-2025 20:00:00,30.389,29.679,30.118
02-09-2025 21:00:00,30.558,29.684,29.995
02-09-2025 22:00:00,31.047,30.375,30.68
02-09-2025 23:00:00,29.979,29.208,29.334
02-10-2025 00:00:00,29.011,28.226,28.63
02-10-2025 01:00:00,29.899,29.151,29.591
02-10-2025 02:00:00,28.054,26.893,28.244
02-10-2025 03:00:00,27.383,26.285,27.908
02-10-2025 04:00:00,26.86,26.218,27.253
02-10-2025 05:00:00,26.004,25.296,26.424
02-10-2025 06:00:00,25.252,24.881,26.491
02-10-2025 07:00:00,25.379,25.518,25.635
02-10-2025 08:00:00,31.744,32.096,31.622
02-10-2025 09:00:00,34.123,41.671,37.381
02-10-2025 10:00:00,47.533,56.54,46.885
02-10-2025 11:00:00,52.436,55.685,47.524
02-10-2025 12:00:00,50.245,49.824,43.741
02-10-2025 13:00:00,59.984,63.206,55.194
02-10-2025 14:00:00,49.301,46.641,46.52
02-10-2025 15:00:00,44.966,38.256,43.38
02-10-2025 16:00:00,38.739,32.554,35.795
02-10-2025 17:00:00,29.028,27.027,29.769
02-10-2025 18:00:00,24.928,22.701,26.131
02-10-2025 19:00:00,25.362,22.114,26.325
02-10-2025 20:00:00,24.03,21.886,25.682
02-10-2025 21:00:00,22.529,20.938,24.198
02-10-2025 22:00:00,21.972,20.231,23.72
02-10-2025 23:00:00,20.624,19.103,21.129
02-11-2025 00:00:00,17.448,15.714,17.077
02-11-2025 01:00:00,16.723,14.912,15.882
02-11-2025 02:00:00,19.445,17.724,18.186
02-11-2025 03:00:00,20.734,18.373,19.112
02-11-2025 04:00:00,21.401,18.223,19.262
02-11-2025 05:00:00,20.371,18.53,19.16
02-11-2025 06:00:00,21.203,19.894,20.154
02-11-2025 07:00:00,24,22.793,22.499
02-11-2025 08:00:00,29.745,27.598,27.336
02-11-2025 09:00:00,39.372,37.283,36.974
02-11-2025 10:00:00,45.226,43.71,42.744
02-11-2025 11:00:00,46.828,46.919,47.251
02-11-2025 12:00:00,48.139,48.02,48.467
02-11-2025 13:00:00,45.608,45.78,45.228
02-11-2025 14:00:00,40.145,40.384,39.376
02-11-2025 15:00:00,36.94,37.014,36.195
02-11-2025 16:00:00,34.708,34.711,34.224
02-11-2025 17:00:00,32.789,32.53,32.56
02-11-2025 18:00:00,32.004,31.644,31.727
02-11-2025 19:00:00,30.1,29.717,29.948
02-11-2025 20:00:00,29.87,29.256,29.585
02-11-2025 21:00:00,30.013,29.331,29.724
02-11-2025 22:00:00,29.965,29.528,29.761
02-11-2025 23:00:00,29.807,29.538,29.631
02-12-2025 00:00:00,29.557,29.318,29.314
02-12-2025 01:00:00,29.485,29.267,29.196
02-12-2025 02:00:00,29.445,29.232,29.167
02-12-2025 03:00:00,29.298,29.101,29.025
02-12-2025 04:00:00,29.354,29.131,29.07
02-12-2025 05:00:00,29.547,29.375,29.254
02-12-2025 06:00:00,29.765,29.658,29.459
02-12-2025 07:00:00,30.275,30.116,30.025
02-12-2025 08:00:00,31.441,31.148,31.338
02-12-2025 09:00:00,32.413,31.826,32.105
02-12-2025 10:00:00,32.642,32.099,32.241
02-12-2025 11:00:00,32.864,32.199,32.47
02-12-2025 12:00:00,33.079,32.335,32.745
02-12-2025 13:00:00,33.151,32.388,32.872
02-12-2025 14:00:00,33.117,32.334,32.784
02-12-2025 15:00:00,33.091,32.245,32.616
02-12-2025 16:00:00,32.948,32.14,32.432
02-12-2025 17:00:00,32.909,32.053,32.316
02-12-2025 18:00:00,32.942,32.048,32.348
02-12-2025 19:00:00,32.91,32.028,32.319
02-12-2025 20:00:00,32.84,31.988,32.297
02-12-2025 21:00:00,32.913,32.03,32.376
02-12-2025 22:00:00,33.017,32.133,32.489
02-12-2025 23:00:00,33.102,32.163,32.504
02-13-2025 00:00:00,33.367,32.305,32.728
02-13-2025 01:00:00,33.683,32.512,33.009
02-13-2025 02:00:00,34.054,32.824,33.304
02-13-2025 03:00:00,34.2,32.959,33.627
02-13-2025 04:00:00,35.385,32.967,33.912
02-13-2025 05:00:00,38.444,33.05,33.985
02-13-2025 06:00:00,38.624,33.257,33.909
02-13-2025 07:00:00,39.027,37.096,33.918
02-13-2025 08:00:00,40.111,39.569,38.229
02-13-2025 09:00:00,41.439,41.056,40.5
02-13-2025 10:00:00,45.51,44.433,43.613
02-13-2025 11:00:00,46.47,46.5,44.959
02-13-2025 12:00:00,47.71,48.656,45.799
02-13-2025 13:00:00,50.221,52.072,48.028
02-13-2025 14:00:00,50.494,51.308,48.624
02-13-2025 15:00:00,51.66,50.491,49.613
02-13-2025 16:00:00,47.077,44.168,45.451
02-13-2025 17:00:00,42,39.657,42.275
02-13-2025 18:00:00,39.015,36.436,39.294
02-13-2025 19:00:00,37.105,34.512,37.415
02-13-2025 20:00:00,35.423,32.93,35.673
02-13-2025 21:00:00,33.613,30.984,34.24
02-13-2025 22:00:00,31.894,29.297,32.754
02-13-2025 23:00:00,31.312,28.756,32.045
02-14-2025 00:00:00,29.839,27.084,30.372
02-14-2025 01:00:00,28.914,26.291,29.836
02-14-2025 02:00:00,28.611,26.357,29.505
02-14-2025 03:00:00,27.539,25.243,28.614
02-14-2025 04:00:00,25.622,23.12,26.033
02-14-2025 05:00:00,22.572,19.942,22.036
02-14-2025 06:00:00,24.833,22.608,25.187
02-14-2025 07:00:00,27.394,25.993,27.396
02-14-2025 08:00:00,34.681,35.374,32.742
02-14-2025 09:00:00,43.243,46.998,39.074
02-14-2025 10:00:00,49.787,54.386,44.123
02-14-2025 11:00:00,54.222,58.072,47.913
02-14-2025 12:00:00,55.231,60.07,49.633
02-14-2025 13:00:00,54.894,58.059,49.39
02-14-2025 14:00:00,52.331,46.984,47.689
02-14-2025 15:00:00,45.573,37.709,42.901
02-14-2025 16:00:00,36.983,31.032,33.791
02-14-2025 17:00:00,29.044,27.198,29.772
02-14-2025 18:00:00,26.156,24.276,26.929
02-14-2025 19:00:00,24.673,22.352,24.427
02-14-2025 20:00:00,24.01,21.677,23.512
02-14-2025 21:00:00,23.896,22.053,23.488
02-14-2025 22:00:00,24.643,23.085,23.929
02-14-2025 23:00:00,24.845,23.305,23.555
02-15-2025 00:00:00,23.26,21.618,22.322
02-15-2025 01:00:00,23.648,22.001,22.617
02-15-2025 02:00:00,24.868,23.455,23.753
02-15-2025 03:00:00,25.888,23.746,24.086
02-15-2025 04:00:00,25.449,23.257,23.333
02-15-2025 05:00:00,25.205,22.269,22.841
02-15-2025 06:00:00,21.937,19.628,20.22
02-15-2025 07:00:00,27.665,25.894,25.918
02-15-2025 08:00:00,35.271,35.63,35.603
02-15-2025 09:00:00,38.875,38.869,39.399
02-15-2025 10:00:00,43.253,42.71,43.413
02-15-2025 11:00:00,41.324,41.557,41.767
02-15-2025 12:00:00,39.226,39.062,38.961
02-15-2025 13:00:00,33.688,33.784,33.897
02-15-2025 14:00:00,32.544,32.014,32.276
02-15-2025 15:00:00,32.419,31.776,32.07
02-15-2025 16:00:00,32.38,31.74,31.987
02-15-2025 17:00:00,32.456,31.758,31.959
02-15-2025 18:00:00,32.531,31.79,32.02
02-15-2025 19:00:00,32.616,31.825,32.101
02-15-2025 20:00:00,32.669,31.921,32.196
02-15-2025 21:00:00,32.703,31.952,32.309
02-15-2025 22:00:00,32.82,32.043,32.513
02-15-2025 23:00:00,33.204,32.233,32.781
02-16-2025 00:00:00,33.253,32.303,32.82
02-16-2025 01:00:00,33.235,32.28,32.853
02-16-2025 02:00:00,33.576,32.613,32.77
02-16-2025 03:00:00,34.335,33.651,33.523
02-16-2025 04:00:00,34.441,33.807,33.777
02-16-2025 05:00:00,35.022,34.263,34.198
02-16-2025 06:00:00,35.663,34.918,34.826
02-16-2025 07:00:00,36.599,35.924,35.72
02-16-2025 08:00:00,37.992,37.575,37.316
02-16-2025 09:00:00,38.909,38.498,38.294
02-16-2025 10:00:00,39.412,39.333,39
02-16-2025 11:00:00,39.239,38.927,38.548
02-16-2025 12:00:00,39.628,39.318,38.885
02-16-2025 13:00:00,40.34,40.147,39.411
02-16-2025 14:00:00,42.672,42.252,41.333
02-16-2025 15:00:00,47.426,46.115,45.876
02-16-2025 16:00:00,45.377,44.197,44.369
02-16-2025 17:00:00,47.173,45.937,46.871
02-16-2025 18:00:00,42.213,40.99,42.67
02-16-2025 19:00:00,41.027,39.385,40.992
02-16-2025 20:00:00,39.191,37.623,39.108
02-16-2025 21:00:00,37.451,35.964,37.329
02-16-2025 22:00:00,36.23,35.021,35.924
02-16-2025 23:00:00,33.219,31.369,33.375
02-17-2025 00:00:00,32.127,30.038,32.329
02-17-2025 01:00:00,32.369,30.875,32.237
02-17-2025 02:00:00,30.327,28.557,30.449
02-17-2025 03:00:00,29.616,27.365,30.074
02-17-2025 04:00:00,29.583,28.048,29.772
02-17-2025 05:00:00,27.266,25.421,27.867
02-17-2025 06:00:00,26.184,24.246,26.781
02-17-2025 07:00:00,28.454,26.979,28.381
02-17-2025 08:00:00,33.093,34.355,31.632
02-17-2025 09:00:00,39.72,42.783,36.134
02-17-2025 10:00:00,43.451,48.198,39.54
02-17-2025 11:00:00,50.789,56.351,43.913
02-17-2025 12:00:00,47.386,50.722,41.223
02-17-2025 13:00:00,50.352,53.863,44.475
02-17-2025 14:00:00,44.777,43.451,41.644
02-17-2025 15:00:00,42.419,36.85,40.877
02-17-2025 16:00:00,36.053,30.818,33.486
02-17-2025 17:00:00,29.367,27.498,30.037
02-17-2025 18:00:00,26.991,24.861,27.676
02-17-2025 19:00:00,26.122,24.026,27.082
02-17-2025 20:00:00,26.099,23.952,26.948
02-17-2025 21:00:00,24.752,22.783,25.735
02-17-2025 22:00:00,23.735,21.767,24.525
02-17-2025 23:00:00,22.856,20.891,23.405
02-18-2025 00:00:00,21.752,19.676,22.233
02-18-2025 01:00:00,20.244,18.332,20.759
02-18-2025 02:00:00,19.227,17.307,19.523
02-18-2025 03:00:00,17.977,15.877,18.326
02-18-2025 04:00:00,16.659,14.806,16.965
02-18-2025 05:00:00,16.193,14.548,16.814
02-18-2025 06:00:00,15.341,13.632,15.814
02-18-2025 07:00:00,15.935,14.906,16.025
02-18-2025 08:00:00,21.681,23.474,20.795
02-18-2025 09:00:00,28.639,31.028,24.958
02-18-2025 10:00:00,32.012,35.153,28.6
02-18-2025 11:00:00,38.181,42.536,32.587
02-18-2025 12:00:00,36.34,38.921,31.502
02-18-2025 13:00:00,41.797,43.87,36.731
02-18-2025 14:00:00,40.176,39.286,36.656
02-18-2025 15:00:00,35.077,28.495,32.415
02-18-2025 16:00:00,28.112,22.563,25.419
02-18-2025 17:00:00,21.346,19.277,22.112
02-18-2025 18:00:00,19.817,17.362,20.338
02-18-2025 19:00:00,17.968,15.943,18.633
02-18-2025 20:00:00,16.706,14.787,17.709
02-18-2025 21:00:00,16.071,14.056,16.78
02-18-2025 22:00:00,15.066,12.728,15.586
02-18-2025 23:00:00,15.34,13.114,16.186
02-19-2025 00:00:00,14.798,12.876,15.516
02-19-2025 01:00:00,13.809,11.956,14.41
02-19-2025 02:00:00,13.431,11.758,14.071
02-19-2025 03:00:00,12.036,10.413,12.81
02-19-2025 04:00:00,10.761,9.446,11.738
02-19-2025 05:00:00,10.972,9.782,11.559
02-19-2025 06:00:00,11.446,10.414,11.764
02-19-2025 07:00:00,14.165,14.256,14.113
02-19-2025 08:00:00,21.571,23.388,20.369
02-19-2025 09:00:00,28.525,31.099,25.533
02-19-2025 10:00:00,36.44,38.068,31.147
02-19-2025 11:00:00,38.79,41.496,33.449
02-19-2025 12:00:00,42.382,44.011,36.405
02-19-2025 13:00:00,44.517,45.792,38.793
02-19-2025 14:00:00,40.501,40.853,37.164
02-19-2025 15:00:00,37.446,35.624,34.894
02-19-2025 16:00:00,30.716,28.789,29.476
02-19-2025 17:00:00,23.766,22.436,24.395
02-19-2025 18:00:00,20.109,18.485,20.455
02-19-2025 19:00:00,19.083,17.14,19.738
02-19-2025 20:00:00,18.824,17.767,20.759
02-19-2025 21:00:00,18.357,17.581,20.023
02-19-2025 22:00:00,17.056,16.213,18.753
02-19-2025 23:00:00,16.21,15.377,17.491
02-20-2025 00:00:00,15.6,14.956,17.075
02-20-2025 01:00:00,15.386,14.788,16.727
02-20-2025 02:00:00,14.522,13.695,16.088
02-20-2025 03:00:00,14.146,13.568,15.816
02-20-2025 04:00:00,13.258,12.477,14.99
02-20-2025 05:00:00,12.407,11.989,14.168
02-20-2025 06:00:00,12.291,11.836,13.053
02-20-2025 07:00:00,16.526,16.192,15.845
02-20-2025 08:00:00,27.708,28.671,24.053
02-20-2025 09:00:00,36.316,38.042,31.202
02-20-2025 10:00:00,43.807,45.22,36.74
02-20-2025 11:00:00,42.437,43.949,36.839
02-20-2025 12:00:00,41.487,43.324,35.905
02-20-2025 13:00:00,37.829,39.517,33.181
02-20-2025 14:00:00,31.467,32.745,29.407
02-20-2025 15:00:00,28.799,28.548,27.259
02-20-2025 16:00:00,24.954,24.508,24.01
02-20-2025 17:00:00,22.189,21.938,21.927
02-20-2025 18:00:00,21.241,21.033,21.111
02-20-2025 19:00:00,21.176,21.088,20.951
02-20-2025 20:00:00,20.903,20.9,20.672
02-20-2025 21:00:00,20.711,20.73,20.77
02-20-2025 22:00:00,20.997,20.23,21.217
02-20-2025 23:00:00,20.578,19.442,20.742
02-21-2025 00:00:00,19.361,18.378,19.795
02-21-2025 01:00:00,17.895,17.069,18.618
02-21-2025 02:00:00,17.332,16.272,18.016
02-21-2025 03:00:00,17.439,16.322,18.164
02-21-2025 04:00:00,17.667,16.564,18.233
02-21-2025 05:00:00,16.489,15.484,16.916
02-21-2025 06:00:00,16.636,15.528,17.337
02-21-2025 07:00:00,21.014,18.463,20.604
02-21-2025 08:00:00,29.161,25.415,27.221
02-21-2025 09:00:00,38.341,30.871,32.723
02-21-2025 10:00:00,42.838,45.605,37.811
02-21-2025 11:00:00,47.895,55.217,42.17
02-21-2025 12:00:00,52.221,57.8,45.601
02-21-2025 13:00:00,52.514,56.661,46.563
02-21-2025 14:00:00,52.2,48.75,48.204
02-21-2025 15:00:00,45.39,37.666,42.406
02-21-2025 16:00:00,37.718,31.348,34.63
02-21-2025 17:00:00,29.235,26.882,30.481
02-21-2025 18:00:00,25.053,23.52,26.851
02-21-2025 19:00:00,24.837,22.683,25.902
02-21-2025 20:00:00,24.043,22.325,24.953
02-21-2025 21:00:00,22.646,20.773,23.922
02-21-2025 22:00:00,21.566,20.066,22.822
02-21-2025 23:00:00,20.158,18.664,21.182
02-22-2025 00:00:00,18.618,17.398,19.988
02-22-2025 01:00:00,17.484,16.193,18.9
02-22-2025 02:00:00,15.573,14.036,16.198
02-22-2025 03:00:00,13.696,12.159,13.456
02-22-2025 04:00:00,13.496,11.689,12.419
02-22-2025 05:00:00,14.775,12.565,13.357
02-22-2025 06:00:00,13.598,11.058,12.252
02-22-2025 07:00:00,18.444,17.261,16.833
02-22-2025 08:00:00,26.991,34.762,29.962
02-22-2025 09:00:00,46.191,49.804,41.405
02-22-2025 10:00:00,56.213,60.513,50.047
02-22-2025 11:00:00,67.555,68.716,59.16
02-22-2025 12:00:00,69.285,70.667,65.287
02-22-2025 13:00:00,67.384,68.358,64.755
02-22-2025 14:00:00,57.476,56.213,57.273
02-22-2025 15:00:00,47.847,45.2,47.624
02-22-2025 16:00:00,39.229,38.062,39.306
02-22-2025 17:00:00,33.361,32.257,33.587
02-22-2025 18:00:00,31.426,29.975,31.428
02-22-2025 19:00:00,30.015,28.886,29.729
02-22-2025 20:00:00,26.794,25.858,26.452
02-22-2025 21:00:00,24.85,22.243,23.435
02-22-2025 22:00:00,25.056,21.258,23.37
02-22-2025 23:00:00,25.941,23.674,25.019
02-23-2025 00:00:00,25.427,23.022,24.708
02-23-2025 01:00:00,24.008,20.999,23.127
02-23-2025 02:00:00,24.257,21.461,23.17
02-23-2025 03:00:00,25.738,23.112,24.86
02-23-2025 04:00:00,24.303,21.599,22.781
02-23-2025 05:00:00,23.409,20.753,21.724
02-23-2025 06:00:00,20.516,17.458,19.214
02-23-2025 07:00:00,25.243,23.28,22.85
02-23-2025 08:00:00,41.23,41.4,37.489
02-23-2025 09:00:00,52.227,56.145,47.329
02-23-2025 10:00:00,62.42,66.289,55.666
02-23-2025 11:00:00,69.943,72.275,60.928
02-23-2025 12:00:00,70.378,74.081,64.142
02-23-2025 13:00:00,69.023,72.396,64.292
02-23-2025 14:00:00,63.781,62.341,60.8
02-23-2025 15:00:00,55.646,54.843,53.788
02-23-2025 16:00:00,48.99,47.358,47.561
02-23-2025 17:00:00,42.486,40.614,42.42
02-23-2025 18:00:00,37.314,35.247,37.205
02-23-2025 19:00:00,37.28,34.485,35.765
02-23-2025 20:00:00,37.305,34.589,35.761
02-23-2025 21:00:00,37.427,34.506,36.221
02-23-2025 22:00:00,36.608,33.969,35.748
02-23-2025 23:00:00,35.36,32.885,34.059
02-24-2025 00:00:00,34.482,31.622,32.739
02-24-2025 01:00:00,34.187,31.204,32.67
02-24-2025 02:00:00,33.304,30.692,31.893
02-24-2025 03:00:00,29.918,27.157,28.595
02-24-2025 04:00:00,28.775,25.317,26.621
02-24-2025 05:00:00,25.517,21.793,24.027
02-24-2025 06:00:00,25.73,20.89,22.85
02-24-2025 07:00:00,31.877,27.827,27.836
02-24-2025 08:00:00,45.513,45.73,43.06
02-24-2025 09:00:00,60.984,62.651,59.81
02-24-2025 10:00:00,75.291,73.598,70.914
02-24-2025 11:00:00,78.757,78.559,73.401
02-24-2025 12:00:00,76.727,80.7,73.736
02-24-2025 13:00:00,75.32,78.226,75.421
02-24-2025 14:00:00,72.494,68.331,72.551
02-24-2025 15:00:00,63.162,57.349,63.046
02-24-2025 16:00:00,51.942,49.748,51.197
02-24-2025 17:00:00,49.133,46.762,48.211
02-24-2025 18:00:00,46.725,43.501,45.126
02-24-2025 19:00:00,43.574,40.369,41.915
02-24-2025 20:00:00,41.956,39.442,40.91
02-24-2025 21:00:00,40.07,37.516,39.123
02-24-2025 22:00:00,40.264,37.959,39.458
02-24-2025 23:00:00,39.401,36.836,38.284
02-25-2025 00:00:00,40.067,37.803,39.147
02-25-2025 01:00:00,37.85,35.223,37.024
02-25-2025 02:00:00,36.588,33.087,35.088
02-25-2025 03:00:00,38.019,35.296,36.745
02-25-2025 04:00:00,37.987,35.449,36.684
02-25-2025 05:00:00,37.631,35.033,36.332
02-25-2025 06:00:00,36.866,34.231,35.519
02-25-2025 07:00:00,43.002,41.166,40.947
02-25-2025 08:00:00,52.678,52.752,50.561
02-25-2025 09:00:00,67.374,67.618,64.563
02-25-2025 10:00:00,75.149,73.812,70.332
02-25-2025 11:00:00,76.931,73.928,72.164
02-25-2025 12:00:00,79.674,77.275,76.513
02-25-2025 13:00:00,68.116,67.925,67.42
02-25-2025 14:00:00,75.434,74.354,72.202
02-25-2025 15:00:00,62.846,62.373,61.174
02-25-2025 16:00:00,57.611,56.568,56.622
02-25-2025 17:00:00,53.867,51.415,53.457
02-25-2025 18:00:00,46.032,42.969,46.43
02-25-2025 19:00:00,43.651,40.304,44.68
02-25-2025 20:00:00,41.747,38.946,42.132
02-25-2025 21:00:00,38.929,35.212,37.973
02-25-2025 22:00:00,37.083,33.091,35.163
02-25-2025 23:00:00,38.464,33.645,35.96
02-26-2025 00:00:00,35.86,30.997,32.837
02-26-2025 01:00:00,34.469,30.325,31.611
02-26-2025 02:00:00,33.799,29.188,30.189
02-26-2025 03:00:00,33.769,28.506,31.858
02-26-2025 04:00:00,34.284,30.861,34.596
02-26-2025 05:00:00,34.756,31.561,34.944
02-26-2025 06:00:00,34.78,31.782,34.75
02-26-2025 07:00:00,39.242,37.225,38.004
02-26-2025 08:00:00,51.843,51.019,48.542
02-26-2025 09:00:00,63.537,67.106,57.308
02-26-2025 10:00:00,71.99,77.021,65.679
02-26-2025 11:00:00,75.655,81.689,69.06
02-26-2025 12:00:00,83.082,86.287,73.527
02-26-2025 13:00:00,79.17,82.595,74.722
02-26-2025 14:00:00,75.327,75.689,70.968
02-26-2025 15:00:00,67.947,65.966,65.049
02-26-2025 16:00:00,61.547,56.316,58.705
02-26-2025 17:00:00,52.975,50.285,52.901
02-26-2025 18:00:00,46.976,43.901,46.901
02-26-2025 19:00:00,49.445,45.271,47.268
02-26-2025 20:00:00,49.392,45.932,47.742
02-26-2025 21:00:00,47.874,45.213,46.558
02-26-2025 22:00:00,46.15,44.192,45.232
02-26-2025 23:00:00,45.733,41.96,43.421
02-27-2025 00:00:00,45.199,41.532,43.481
02-27-2025 01:00:00,44.035,40.848,42.377
02-27-2025 02:00:00,45.101,42.041,43.151
02-27-2025 03:00:00,45.687,42.541,43.661
02-27-2025 04:00:00,45.686,43.255,44.123
02-27-2025 05:00:00,45.506,43.169,44.12
02-27-2025 06:00:00,45.567,43.495,44.18
02-27-2025 07:00:00,45.721,44.388,44.826
02-27-2025 08:00:00,48.016,46.684,46.821
02-27-2025 09:00:00,53.293,52.192,52.612
02-27-2025 10:00:00,54.301,54.146,52.914
02-27-2025 11:00:00,53.521,53.801,52.935
02-27-2025 12:00:00,53.591,53.854,52.588
02-27-2025 13:00:00,54.27,54.229,53.281
02-27-2025 14:00:00,55.62,54.753,53.929
02-27-2025 15:00:00,53.358,52.501,52.605
02-27-2025 16:00:00,51.045,50.152,50.449
02-27-2025 17:00:00,50.191,47.845,48.929
02-27-2025 18:00:00,46.6,43.627,45.616
02-27-2025 19:00:00,47.302,43.634,45.898
02-27-2025 20:00:00,49.4,47.092,49.078
02-27-2025 21:00:00,46.488,44.174,46.539
02-27-2025 22:00:00,44.822,42.66,44.924
02-27-2025 23:00:00,41.157,38.539,41.531
02-28-2025 00:00:00,37.713,34.667,37.777
02-28-2025 01:00:00,35.348,32.313,35.511
02-28-2025 02:00:00,34.452,30.984,34.523
02-28-2025 03:00:00,32.88,28.681,31.639
02-28-2025 04:00:00,34.164,30.967,33.789
02-28-2025 05:00:00,33.464,30.507,33.773
02-28-2025 06:00:00,32.658,28.868,32.301
02-28-2025 07:00:00,38.597,35.681,37.033
02-28-2025 08:00:00,50.105,51.494,47.477
02-28-2025 09:00:00,58.874,61.776,53.545
02-28-2025 10:00:00,67.066,72.53,60.275
02-28-2025 11:00:00,69.456,75.477,63.84
02-28-2025 12:00:00,69.633,73.324,64.636
02-28-2025 13:00:00,70.468,72,64.166
02-28-2025 14:00:00,68.774,67.94,64.66
02-28-2025 15:00:00,59.603,56.706,58.611
02-28-2025 16:00:00,53.593,49.178,51.522
02-28-2025 17:00:00,45.491,42.934,45.636
02-28-2025 18:00:00,38.745,36.313,38.488
02-28-2025 19:00:00,38.128,34.248,37.002
02-28-2025 20:00:00,37.44,32.638,36.708
02-28-2025 21:00:00,38.171,33.591,36.907
02-28-2025 22:00:00,37.232,32.798,36.301
02-28-2025 23:00:00,38.578,35.706,37.498
03-01-2025 00:00:00,38.169,35.841,37.237
03-01-2025 01:00:00,37.48,34.997,36.477
03-01-2025 02:00:00,38.731,36.734,37.764
03-01-2025 03:00:00,39.875,38.572,39.239
03-01-2025 04:00:00,37.971,36.652,37.687
03-01-2025 05:00:00,37.818,36.002,37.073
03-01-2025 06:00:00,39.205,37.411,38.365
03-01-2025 07:00:00,44.066,42.733,42.854
03-01-2025 08:00:00,51.187,51.223,50.312
03-01-2025 09:00:00,60.939,63.315,59.678
03-01-2025 10:00:00,74.562,79.703,71.081
03-01-2025 11:00:00,84.406,90.737,81.351
03-01-2025 12:00:00,78.44,83.539,73.658
03-01-2025 13:00:00,71.426,75.02,68.418
03-01-2025 14:00:00,66.119,66.008,61.933
03-01-2025 15:00:00,57.705,55.754,55.011
03-01-2025 16:00:00,48.78,46.453,47.423
03-01-2025 17:00:00,41.161,38.945,41.254
03-01-2025 18:00:00,37.154,35.063,37.734
03-01-2025 19:00:00,34.64,32.481,35.404
03-01-2025 20:00:00,31.526,29.532,32.266
03-01-2025 21:00:00,28.199,26.391,28.85
03-01-2025 22:00:00,26.154,24.279,26.815
03-01-2025 23:00:00,23.929,22.195,24.714
03-02-2025 00:00:00,22.188,19.939,22.614
03-02-2025 01:00:00,20.808,18.846,21.314
03-02-2025 02:00:00,19.611,17.786,20.235
03-02-2025 03:00:00,18.368,16.537,19.029
03-02-2025 04:00:00,17.475,15.308,17.894
03-02-2025 05:00:00,16.423,14.54,17.027
03-02-2025 06:00:00,15.811,13.431,15.681
03-02-2025 07:00:00,20.561,20.103,18.82
03-02-2025 08:00:00,30.062,32.834,26.118
03-02-2025 09:00:00,39.474,43.66,32.774
03-02-2025 10:00:00,47.026,53.134,39.054
03-02-2025 11:00:00,55.87,59.762,45.531
03-02-2025 12:00:00,56.412,61.88,48.214
03-02-2025 13:00:00,54.832,59.697,48.412
03-02-2025 14:00:00,52.954,51.705,48.561
03-02-2025 15:00:00,47.548,40.568,43.996
03-02-2025 16:00:00,39.487,30.997,36.26
03-02-2025 17:00:00,29.797,27.222,30.348
03-02-2025 18:00:00,24.152,22.584,24.78
03-02-2025 19:00:00,23.54,22.353,25.302
03-02-2025 20:00:00,22.215,21.543,23.875
03-02-2025 21:00:00,20.965,20.425,22.562
03-02-2025 22:00:00,19.188,18.88,21.071
03-02-2025 23:00:00,17.624,17.131,19.088
03-03-2025 00:00:00,16.126,15.102,16.452
03-03-2025 01:00:00,12.899,12.287,12.747
03-03-2025 02:00:00,12.233,10.912,11.373
03-03-2025 03:00:00,15.306,13.665,13.258
03-03-2025 04:00:00,17.576,15.659,15.617
03-03-2025 05:00:00,17.85,16.109,15.905
03-03-2025 06:00:00,16.557,15.228,14.531
03-03-2025 07:00:00,21.808,21.995,19.454
03-03-2025 08:00:00,36.116,40.285,33.114
03-03-2025 09:00:00,50.526,52.946,42.288
03-03-2025 10:00:00,61.292,63.952,51.88
03-03-2025 11:00:00,65.897,68.337,56.138
03-03-2025 12:00:00,69.094,69.424,58.438
03-03-2025 13:00:00,"","",""
03-03-2025 14:00:00,"","",""
03-03-2025 15:00:00,"","",""
03-03-2025 16:00:00,"","",""
03-03-2025 17:00:00,"","",""
03-03-2025 18:00:00,"","",""
03-03-2025 19:00:00,"","",""
03-03-2025 20:00:00,"","",""
03-03-2025 21:00:00,"","",""
03-03-2025 22:00:00,"","",""
03-03-2025 23:00:00,"","",""